,Community,Degree
1678244,0,3
2950213,0,15
8179569,0,2
143906534,0,3
1678397,1,1
144629886,1,1
1678460,2,5
1703601,2,5
1760810,2,5
1767493,2,5
1776476,2,25
2023275,2,5
1678535,0,1
1389920075,0,8
1678622,3,3
1709005,3,3
9571638,3,3
143640165,3,3
1680082,4,7
1712423,4,36
1732913,4,7
9602006,4,7
40016674,4,8
40052301,4,7
143604617,4,16
144576794,4,6
1680100,5,2
39775087,5,1
1489125592,5,1
1680158,6,4
1690892,6,7
1947710,6,4
145164644,6,4
2068335654,6,4
1681836,7,2
1697703,8,5
1829115,9,1
1844852,9,12
1890113,10,0
2159730,9,4
2192921,7,4
2670187,8,5
2692274,8,5
3106046,8,5
32861190,8,5
34827715,11,7
39556143,12,1
39710593,12,1
39887691,7,2
143667081,8,5
145280613,9,16
145301662,9,4
1403171029,9,18
1406761192,9,4
1453594539,9,4
1666605207,11,1
2033632163,7,2
2109208547,7,2
1680327,13,3
2046500,13,3
1388775854,13,4
1389957009,13,5
1680329,14,0
1680697,15,1
1724322,15,1
1680870,16,3
2117571,16,3
46242252,16,3
145712627,16,3
2216258,17,5
5845996,17,5
6199133,17,5
36333686,17,5
1421788668,17,5
2078778906,17,5
1681367,2,2
7405787,2,6
49577927,2,2
1681816,18,4
2378569,18,7
40486307,18,9
1569105854,18,4
2066468333,18,4
1682005,19,5
1994279,19,3
2201886,19,2
3407365,19,8
33343719,19,3
35880803,19,2
1682591,20,5
1698701,20,5
2452441,20,7
46202504,20,5
152864672,20,5
1491182570,20,5
1682754,21,0
1683716,22,2
1684412,2,4
1697944,2,1
1714002,23,5
1715670,2,4
1716356,24,1
1724372,2,5
1743652,25,3
1744895,26,14
1752504,27,1
1764521,2,5
1767077,2,11
1786309,2,3
1824816,2,8
1851304,26,6
1862717,28,1
2002210,23,2
2002429,2,2
2132924,29,4
2139286,30,3
2145367,31,2
2414047,32,15
2508373,2,3
2653464,2,3
2697656,2,3
2938999,33,2
2995615,30,1
3085084,27,1
3284542,33,3
3355580,34,3
4630760,2,5
4726839,34,2
5854600,26,4
6085131,35,4
6754112,30,6
7400876,2,7
9338703,30,2
11020726,33,2
11148212,23,2
11374925,36,4
11388466,35,10
26884214,31,2
32241170,2,4
33747970,9,5
34234314,25,3
34835999,2,2
35458205,30,10
36663090,37,12
38451395,9,14
39292509,35,4
39711148,25,5
39760216,2,8
40025432,30,15
40315411,33,4
40348583,34,2
40429226,2,2
40619244,23,3
40900290,30,1
46230920,29,1
46244214,2,3
47538483,2,2
47974933,2,5
48071255,2,4
50468465,35,4
50985185,36,4
51126583,2,5
73770618,30,6
80273596,26,16
82161246,38,3
98514202,22,1
104777609,39,1
113917161,23,3
114729198,23,3
143629283,31,2
143782314,30,5
143824243,2,1
144133315,31,11
144724775,2,2
144810616,26,4
145188857,35,4
145327386,2,4
145512647,30,28
145641525,28,1
145709776,2,5
145802163,30,6
150976132,24,1
152664357,2,1
1399507912,32,9
1403025860,40,3
1403029865,33,2
1405409593,30,6
1406421551,40,10
1409505343,41,2
1414112810,36,4
1414148536,36,4
1729586298,42,0
2002004158,38,3
2011437230,41,1
2051652357,38,3
2053782954,31,2
2057093615,30,1
2058430089,2,3
2058951009,39,1
2059693718,2,2
2064548667,25,3
2065291708,36,4
2088210092,30,6
2106181577,26,4
2107548307,37,1
1682815,9,5
2291233,9,4
2884987,9,5
35751319,9,9
49629764,9,4
145832870,9,26
1699369,43,11
1725852,44,0
1776940,45,0
2032373,46,1
2617185,46,4
2638967,46,3
3170658,4,1
49226880,46,3
51204489,46,3
1682947,47,6
2646836,47,2
3102544,47,3
48925011,47,2
49317237,47,3
113199065,47,1
144721308,47,3
1683012,48,6
2806143,9,6
3304245,48,1
7442465,48,2
31730522,48,2
48898287,48,15
2058172760,48,1
1683070,49,4
1722403,49,4
2478817,49,4
2771308,49,4
145545289,49,4
1683352,32,4
1705290,32,4
1738575,32,8
1790055,32,7
145147309,32,18
1683442,50,2
1749789,50,2
49365095,50,2
1683562,51,2
3442271,51,2
143758717,51,3
2005545347,22,1
1683943,52,4
1720483,52,4
1727799,52,4
2448757,52,4
98346402,52,4
1684012,53,2
3310951,53,2
47503402,53,2
1779264,54,6
1782794,55,0
2076008,54,6
2158254,54,6
2600845,54,6
34664241,54,6
50390550,54,6
50604395,54,6
153191671,56,19
1388342726,13,3
1388387493,57,4
1684136,58,1
145506027,58,1
1684176,59,2
7692691,59,6
145613463,59,2
1684216,60,3
3141182,60,3
2089284927,60,3
2093722663,60,3
1685457,61,1
1693307,4,4
1714027,62,10
1718233,61,1
1744110,63,1
1745226,51,2
1763096,61,4
1830872,4,31
1861541,6,8
1869202,61,1
1901174,64,15
1919784,65,1
2081346,6,4
2191495,6,4
2287385,66,7
2583473,9,18
2718697,66,7
2928416,66,7
2974793,43,1
3009678,61,4
3033855,4,4
3071228,67,5
3086323,63,1
3225824,61,2
3681090,61,7
4435175,68,0
4620460,43,2
5097384,43,6
7219608,64,5
7935911,69,0
12036620,66,7
20510781,70,1
20757968,70,1
31380271,71,0
31659063,72,1
31989871,73,0
32368694,62,3
32737144,4,6
35597551,43,1
36445704,74,0
38080696,64,2
39493363,75,0
40660541,6,15
41170557,64,8
41192561,76,0
46323975,66,7
46389177,43,1
46868357,77,1
47848445,61,1
48046557,2,6
48337500,9,1
48520894,62,10
48550760,64,12
48562770,72,1
49112323,64,7
49882552,78,2
50065291,43,1
50841396,78,2
50844063,78,2
51170345,64,5
52207578,66,7
52402189,79,4
72856648,79,4
100616984,79,4
108486045,62,3
114079734,2,6
114115435,80,0
120629031,81,0
120672463,65,1
120854507,79,4
122406362,79,4
144229664,2,8
145791827,6,9
145883179,67,9
147046671,2,6
151491159,2,6
1381460825,2,2
1401308012,30,12
1404953148,82,0
1405628931,67,5
1500667060,67,5
1500667639,67,5
1500668565,67,5
1840485895,30,4
2006852728,66,7
2006869290,83,0
2017014190,64,5
2036795676,6,4
2046957886,66,7
2057046985,2,6
2057047829,2,6
2061506036,6,4
2065424751,64,1
2068890825,43,1
2088546758,77,6
2100704104,64,5
1684784,0,2
1733565,0,6
144443086,0,2
1684931,169,5
3360080,169,2
3709866,169,2
144582117,169,5
145165884,169,8
2069682601,169,2
1704327,26,6
1768825,37,28
1859982,37,12
2251810,26,5
2723091,26,5
2765750,26,2
3141455,19,17
3455862,26,3
8141419,26,3
34498041,37,6
37340414,26,8
39284160,26,3
39410972,26,5
40612466,26,8
65925190,26,3
66358251,26,2
79774420,85,3
104662768,26,6
104784091,26,5
123466322,85,3
1381378900,26,5
1396564179,85,3
1785423162,85,3
1685349,86,1
145358005,86,1
1685533,87,3
2519577,87,7
81477039,87,3
144697521,87,3
1686317,88,0
1686534,89,8
1758662,89,8
1996561,89,8
3365608,89,8
49071170,89,8
51228139,89,9
2005906112,89,8
2047241966,89,8
2058616009,89,8
1686834,90,1
2059584,90,1
1961958,91,2
2278978,9,3
2707325,92,1
2943892,93,4
3207378,9,6
4913893,94,1
8272456,94,1
10682650,91,2
27582075,95,1
32774810,9,2
34608437,92,1
38818867,9,11
39545209,13,2
48448113,95,1
48687882,13,2
49329519,9,2
144463523,13,15
145128143,92,2
1403433464,92,2
1666505245,9,11
2110373982,91,2
1687987,96,7
1735289,96,7
72560697,96,7
144053687,96,16
2061849346,96,7
2066324097,96,7
2067688529,96,7
2110447955,96,8
1688109,97,4
1730868,97,2
2196625,97,2
2827218,97,2
3283158,97,3
1729606,97,1
1770917,98,1
1795727,99,2
1829594,100,2
1846745,97,1
2187597,97,1
2361021,100,2
2468364,97,6
2574895,97,1
2737120,98,3
2838436,100,5
3100337,97,1
3220238,100,2
5034391,101,1
32030988,99,2
35794195,98,2
144461639,100,2
153299172,98,2
1388327837,100,3
1516165546,99,2
2052513151,101,1
1688319,102,1
1401950156,102,1
1688335,9,3
1688453,103,0
2412890,104,2
144559403,104,2
1398136050,104,2
1689001,105,7
1716665,105,4
1782594,105,4
1969326,105,3
9655832,105,3
33694882,105,4
40965339,105,4
144029598,105,4
1746012,106,2
1752841,107,4
1797305,30,1
1853626,30,1
2033712,108,0
2146897,107,4
2256646,109,0
2647822,107,4
2648332,30,9
2710663,40,2
34626539,110,5
35013444,30,4
35299236,111,1
39493641,110,5
39810533,40,1
47830372,30,1
71837670,107,4
73510729,30,4
95624983,30,4
145427922,107,4
1394521300,110,5
1394521342,110,5
1395910670,106,1
1738624850,106,1
2061583619,110,5
2109539861,30,4
2110775359,110,5
1689184,62,8
1750822,62,5
2532501,62,2
3411127,62,3
27549906,62,3
36517276,62,8
145646057,62,2
145969795,62,3
2096245957,62,5
1689467,112,2
41233035,112,2
48592849,112,2
1689559,30,1
2225668,30,5
1689859,113,2
1733925,113,4
46172826,113,2
1689953,34,3
1797833,34,6
144136791,34,3
2109760059,34,7
1689973,114,1
39672593,114,1
1690035,37,3
1801286,37,3
7352942,37,3
143951813,37,5
1690383,115,1
123722986,115,1
1690395,116,0
1690690,26,4
1818812,26,6
1826736,26,20
3244651,26,7
145621251,26,4
1690827,117,0
35213700,6,5
144278875,6,4
1691109,118,7
1692521,118,7
3050189,118,7
34611540,118,7
50857417,118,7
51203867,118,7
2082436911,118,7
2095347370,118,7
1691267,43,2
2172202,43,2
145624017,43,8
1691613,119,3
40290242,119,3
145207004,119,3
1399229138,119,3
1692062,30,5
2016371,30,16
2862768,30,6
3251114,64,10
1692592,30,4
1971592,30,15
31582678,30,7
39452966,30,4
46425681,30,4
1692772,9,4
1706438,9,4
3396614,9,5
51161079,9,4
144541497,9,4
1693190,120,0
1693265,121,3
3005207,121,1
145842706,121,2
1388404060,121,6
1858292,26,2
2910979,4,3
46199260,4,3
46933023,4,10
69026873,26,1
89509643,4,3
1693910,122,2
1824199,122,1
2988774,122,1
1694393,123,4
1754163,123,4
3033269,123,3
32455314,123,3
2029657498,123,2
1694662,124,2
2814772,124,2
31684379,124,2
1694809,125,1
34805325,125,1
1694982,64,1
1742046,64,3
1695510,126,9
1715923,126,4
2478133,126,4
2643730,126,4
2933028,126,4
3295818,126,4
51996051,126,1
144450942,126,4
144934479,126,4
145574559,126,4
1695677,127,0
1695825,128,4
1796848,128,4
2502577,128,5
51044731,128,4
2110993941,128,4
1696082,129,1
3261525,129,1
1696165,130,4
3063113,130,4
30830627,130,4
81739389,130,4
2054857301,130,4
1696173,131,1
101407629,131,1
2089922203,132,5
1697232,133,2
8812882,133,2
10740141,133,2
1710176,134,2
40917740,134,2
2075278726,134,2
1697737,135,0
1698125,121,7
1750014,121,7
2137490,121,2
2517125,121,8
37436656,121,23
48106342,121,16
144626042,121,23
2053031799,121,1
1698354,136,7
2127236,136,7
3065714,136,10
8692565,136,1
35195980,136,5
37664126,136,6
48105791,136,3
143914330,136,7
1759462,137,3
3131890,137,3
37496800,137,3
71702990,138,0
143938870,137,3
1749012,43,5
2440079,43,10
38115045,43,6
1699545,34,2
1854783,34,6
4928473,34,2
1699605,37,4
3209837,37,4
31127876,37,6
49503692,37,4
66887332,37,4
1699732,139,5
1799402,139,5
47321836,139,4
144044007,139,4
2007674493,139,5
2055262683,139,3
1699751,140,3
1746214,140,3
1778110,140,3
41224057,140,3
1699822,141,1
2047495868,141,1
1700104,142,1
2724928,142,1
1700149,143,0
1700567,144,3
1802416,144,3
3080041,144,3
2048335237,144,3
1947421,145,5
2068330,146,2
2197478,145,2
2437393,147,1
2751584,146,2
2892622,145,2
3377701,145,5
6964103,145,5
31896076,145,5
32215760,145,7
47642566,146,2
49230031,145,5
1401971414,147,2
1701298,0,2
34836211,0,43
144481316,0,6
1701341,57,3
1743043,57,20
3076440,57,6
26002938,57,6
1701353,148,1
2073448393,148,1
1702030,149,11
3084899,149,3
3294972,149,1
3329965,149,3
3407646,149,2
9438988,149,2
38746648,149,9
40581738,149,4
143745532,149,1
145931035,149,6
2110607515,149,2
2110688724,149,1
1713089,34,4
1745524,150,4
1746807,151,18
1791498,150,4
1892673,152,3
1933403,150,3
2062143,152,7
2114966,151,3
2572092,34,1
2749262,150,3
3051097,151,5
3302800,150,4
3371994,153,5
5445547,153,5
34144403,151,3
34717147,150,4
35660011,152,1
40562854,34,2
48523334,150,5
48797476,153,5
49337119,150,3
49437682,151,3
50197963,152,3
50362385,154,0
117204053,153,5
145192191,153,5
145994734,150,4
153284029,153,6
1388368997,151,6
1397259375,153,1
1702242,155,2
48415127,155,1
2078196991,155,1
1702730,156,3
1731520,156,13
117923882,156,3
1491612558,156,3
1702853,9,6
2022168,9,3
2579342,9,3
47198673,9,3
144547315,9,2
145217085,9,2
145234497,9,7
1702916,157,2
2975116,157,2
32494669,157,2
1702946,158,3
40157213,158,3
143778812,158,3
2000348847,158,3
1703124,159,7
1745800,159,7
2096126,159,6
2178435,159,6
2627759,159,8
145288435,159,6
145660644,4,4
1398744042,159,6
1703705,57,4
2877292,57,4
20119087,57,3
145248644,57,3
145483131,57,11
1703980,160,2
1801452,160,2
41202995,160,2
1704263,96,2
1947786,96,1
119451124,26,1
1704595,43,2
144041798,43,21
145459863,43,2
1721094,30,1
1779856,161,3
2149740,56,8
2150738,56,4
2221005,56,4
2251921,162,2
2265065,30,6
2410249,56,4
2436450,163,1
2763539,30,6
2819582,162,2
2956793,162,2
3107309,164,2
3799488,64,6
6140312,30,4
6213229,30,7
8070800,30,4
23973690,161,3
24000532,161,3
24014060,161,3
34702580,56,4
40385687,30,1
47691963,164,5
48582283,64,2
49317293,56,4
49623164,30,6
50583570,56,8
80496784,56,4
84482743,30,4
143715602,163,1
144578221,30,5
144994682,30,4
145518428,30,9
145524933,56,4
1398232551,30,6
1490866355,30,4
1505743492,64,4
2052824095,30,6
2059894216,56,4
2082309897,30,4
2088442217,164,2
2098816402,64,4
2098817192,64,4
1705700,9,4
1991548,9,4
32174562,9,4
37687750,9,4
144154709,9,11
1705764,26,5
1712852,26,2
1805892,26,2
47286020,26,5
51938944,26,2
1672633023,26,2
1995516,165,2
2045191,166,1
4054044,166,1
24297377,165,2
48801614,165,2
1706210,167,2
1756468,167,4
2098749,167,4
1706272,96,2
145611269,96,2
1706506,168,4
2795942,168,4
32218195,168,4
2057733996,168,4
2067166114,168,4
1706831,35,6
1769221,35,2
1809355,35,4
2793618,35,2
27711759,35,1
31620142,35,7
94892499,35,2
1707089,169,1
1671533745,169,13
1707311,170,1
3634969,170,7
1754991,13,3
2875293,13,7
32582665,13,4
36723940,13,3
37765074,13,4
40962379,13,3
123471607,13,4
1707467,171,0
1708116,172,2
1797856,172,4
47107724,172,3
1708123,173,3
51002836,173,6
70441859,173,3
145544446,173,6
1709624,174,3
1789973,174,3
2506126,174,3
3087426,174,3
143838343,175,1
144235140,175,1
1708336,57,3
1723948,57,3
1729928,57,5
1736987,57,3
1708763,176,2
2156673,176,2
145708229,176,2
1708772,177,0
1708847,172,5
1712655,172,3
1728945,172,3
1782535,172,1
1809983,172,4
143803467,172,10
1709353,178,0
1777572,48,1
1709870,179,7
1730983,179,7
1871080,179,7
8692280,179,7
32733436,179,7
145272255,179,7
1397914802,179,7
1411812104,179,7
1710491,4,10
2146531,4,17
2483782,4,4
2674073,4,2
2746035,4,1
3068033,4,1
3347169,4,1
8813467,4,3
9957987,4,2
38451921,4,2
145192169,4,6
1710917,180,1
4562531,180,1
1711956,181,0
1712146,182,4
1738875,182,6
36757962,182,4
144594997,182,4
145846952,182,4
1928935,57,3
2982231,57,3
8526808,57,3
84207101,57,5
145488491,57,3
1420473100,57,2
1422467397,57,1
1775694,4,3
2134231,4,13
2476149,4,6
2532973,4,10
2535806,4,25
2771830,4,6
2818752,4,3
3050774,4,6
3063377,4,9
3298708,4,6
3342137,4,3
4422821,4,4
4623141,4,3
5980297,4,3
31116764,4,17
48116063,4,25
48147722,4,8
118036823,4,4
120798044,4,4
134784269,4,8
152654661,4,8
1456735310,4,4
2069902691,4,4
2106072537,4,9
1933107,96,2
2391727,96,8
3217172,183,6
4513206,183,6
32662204,183,6
34774636,184,2
36743361,96,5
36942521,96,5
39824354,56,5
47974660,183,6
48857747,56,2
66057618,96,5
152310567,183,6
1397797306,184,2
1423725451,183,6
1561777696,96,5
2065497554,184,2
2067988644,96,2
2079740165,183,6
2612372,34,5
2821130,34,4
3314625,34,9
38730378,34,12
1713302,185,4
1872742,185,4
2361778,185,4
34849332,185,4
1682202847,185,4
1713747,29,1
1713898,9,2
1739628,9,11
1740403,9,2
1760557,62,12
3074754,62,8
32232633,62,8
98447928,62,8
145540107,62,8
2079417698,62,7
2109884660,62,7
1923670,186,4
2487499,186,3
40135449,186,3
2064838564,186,3
1714721,187,2
2252806,187,2
1389953781,187,2
1714923,6,2
144828606,6,4
1714932,188,1
2663662,188,1
1715830,37,3
1745069,37,19
3069984,37,3
145609590,37,9
1716264,189,4
2058389,189,3
16054378,189,4
66305794,189,3
145303334,189,3
1716440,190,0
3455271,105,1
1717631,136,5
2313102,136,5
2778050,136,5
26348714,136,5
152981613,136,5
1741203,191,0
1774457,192,1
1805753,193,3
1807154,194,1
2011769,195,0
2285053,196,0
2438125,172,2
2450616,197,1
2579144,193,1
2817166,198,1
3139725,197,3
3308376,193,2
3806712,192,1
4412485,198,1
6998564,199,2
14245720,172,1
31518745,200,0
32947268,193,2
34734091,199,2
34829872,199,2
35009711,201,0
50134958,202,1
81066242,203,0
102382063,172,2
121841455,172,2
143800151,202,2
143800755,194,1
145849632,197,1
1396810650,197,1
2055356744,172,2
2077063288,202,1
2109988974,204,0
2111098411,172,1
1719480,0,3
3089832,0,11
143602360,0,16
1719645,205,3
1737216,205,3
143653849,205,3
144941745,205,3
1719730,169,4
2168395,169,1
4975532,169,5
47546873,169,6
117126484,169,2
1719736,206,0
1719898,207,2
2620560,207,1
10195617,207,1
1720057,208,8
3159389,208,8
35109383,208,8
35145855,208,14
39998234,208,8
40391073,208,8
40396130,208,8
1404083303,208,8
2102005516,208,8
1850003,209,1
2067648,32,9
2102128,210,3
2351339,210,2
2613599,32,4
2614720,32,3
2919700,32,3
3007704,32,2
3032967,32,2
3176152,209,1
3204201,32,3
3241012,32,1
8545082,32,3
35641138,211,1
37179453,32,2
39962145,210,2
50030433,210,3
52134309,32,2
73693267,32,2
83781167,211,2
114834302,211,1
118869521,32,4
143880910,32,2
145217058,32,5
2059123293,32,3
1721340,212,2
145322920,212,2
152902698,212,2
2049963,213,0
2889457,214,0
144592382,169,2
151392839,169,2
1722362,149,1
1722555,215,5
2587832,215,5
3738223,215,5
11145464,215,5
84705648,215,5
145037957,215,5
1722564,216,5
1872433,216,5
2226805,216,5
2673368,216,5
145183095,216,5
2055828330,216,5
1722782,121,4
1838739,121,4
2470869,121,4
1723195,43,11
1795135,43,16
3216248,43,4
3252562,43,4
35137595,37,12
40506946,43,4
40522291,43,7
50101870,43,4
50451342,43,4
118400138,43,9
144027066,43,1
1404214415,43,4
1723308,218,1
2161986,218,1
1723349,4,2
2448878,4,6
1724024,219,2
51313840,219,2
2111834365,219,2
1724134,220,1
2037649,220,1
1724158,221,2
30745824,221,2
151473437,221,2
1724429,222,1
38556322,222,1
1724571,223,2
32094768,223,2
120304897,223,2
1725126,0,3
1820184,0,2
2747350,0,2
1725336,9,2
1897680,9,2
6452115,9,10
1725537,224,2
39755631,224,2
144539424,224,2
1725559,225,2
1770705,225,3
3045478,225,3
1725644,226,5
1803509,226,3
2218968,226,2
2695891,226,3
37722121,226,2
66456162,226,6
2157480,152,9
49471480,30,2
50571574,152,1
89020589,227,0
1727071,228,3
2115001,228,3
34742804,228,3
47631888,228,3
32584303,229,3
37784060,229,1
1505837278,229,2
2065333595,229,2
1727724,230,2
3204875,230,2
47770787,230,2
1727835,231,3
2525715,231,3
33772810,231,6
2110626549,231,3
1727998,232,2
2201173,232,1
143676697,232,1
1728207,57,12
1747580,57,3
1946641,57,10
2354072,57,5
2580777,57,3
2698864,57,4
2909360,57,5
3391180,57,5
7451997,57,5
9207147,57,1
145781376,57,4
1962720861,57,3
2108818929,57,3
1737486,26,4
1739489,233,0
1774514,4,6
2704289,4,3
3468616,4,11
7565754,4,5
34039293,4,7
36162262,4,5
39976743,4,5
40598011,4,3
145187738,26,2
1471839943,4,7
2061493427,4,2
1728462,234,1
1839624,234,1
1728602,9,2
2284695,9,2
40549154,9,5
1728749,136,1
1729346,235,4
5126674,235,4
5225213,235,5
40456370,235,4
2108810688,235,4
1729484,236,2
1735402,236,2
3001795,236,2
1729566,121,5
2469517,121,5
35497150,57,6
1730156,237,1
2152472,237,1
1730404,238,5
2067699,238,1
5213974,238,4
40515879,238,4
123024911,238,4
143756774,238,4
47951846,239,0
1737204,240,5
1769361,240,8
1785079,240,5
3168790,240,5
32158897,240,5
40051508,240,5
1730904,241,2
2943813,241,2
144925193,241,2
2083295,156,6
3393230,156,2
10348489,156,2
31931269,156,6
79692915,156,6
102583371,156,3
143812946,156,2
1403798561,156,8
1412454618,156,6
2059986211,156,6
1731707,242,1
2399803,242,2
1732728,243,3
39871022,243,3
2068905928,243,2
2109973178,243,2
1732947,244,1
1808400,244,1
1733113,245,4
1751591,245,3
9356351,245,3
52344913,245,3
145173790,245,1
1796314,4,4
1931731,26,12
1993659,4,1
2055648,4,2
2222586,4,3
2288762,4,1
2618549,4,4
2939899,4,4
3241784,246,1
6199827,4,1
6541695,4,1
9651432,4,2
29870496,4,1
31796970,4,1
40798235,247,0
143921708,248,0
144988054,246,2
145249172,37,8
145444219,26,4
1388020502,4,1
1389555445,26,4
2101349323,246,1
1805026,0,6
1733586,121,5
34047556,121,5
1389629901,121,9
1733795,20,2
2052438731,20,2
1733840,64,4
1806767,64,2
3293575,64,7
145954464,64,3
1388812429,64,7
2332920,113,2
70319369,113,2
1734224,249,2
1787790,249,2
2967099,249,2
1734288,57,5
1889171,57,9
22233689,57,5
144563714,57,9
1405330966,57,5
2109775093,57,5
1734676,37,4
1757944,37,4
3245150,37,4
8275800,37,4
34090368,37,6
1735272,32,5
3442014,32,5
38386698,32,5
38488481,32,5
138631055,32,5
1735860,250,0
1736067,251,2
1750769,251,2
49462969,251,2
1773651,252,0
1797290,253,1
1798452,254,8
1908199,254,8
2038895,255,1
2337255,254,8
2412908,255,1
2628487,254,8
2924784,253,1
37621877,254,8
46506705,254,8
83325839,254,8
145658858,254,8
2109467612,254,8
2601380,149,5
2733057,256,0
2893721,149,6
2926753,257,2
35866526,257,2
39194273,149,2
48539382,149,4
144468149,149,2
145882798,149,1
145896397,149,4
1488659424,257,2
1596725015,257,4
2013947833,257,2
2109724368,149,3
1736849,258,4
2257917,258,2
3119182,258,2
3161078,258,2
1388759973,258,2
1737119,259,1
3401966,259,1
3196739,26,2
1738760,169,1
3056389,182,2
2086150907,182,2
1840275,260,3
2132653,261,1
2741728,260,3
2779753,262,0
3085163,260,3
8340288,261,1
26234127,260,3
38536548,263,0
1739497,264,0
2478310,9,7
2524172,9,5
143709703,9,14
145856934,9,14
1404333228,9,3
1405381835,9,2
1405381854,9,2
2140533,265,6
2530217,19,1
4168564,265,3
4544042,265,3
9946437,19,1
38615715,265,6
52228190,19,1
1741487,266,2
2410580,266,2
2081042441,266,2
1741510,26,6
2992658,26,3
32764516,26,3
39300814,26,2
71650584,26,3
2110544923,26,8
47809306,64,3
1999065,57,5
3043728,57,4
33570565,57,5
40338437,48,2
46417808,57,4
48265513,57,6
51118506,57,3
66118125,57,4
144313805,57,6
1397398770,26,8
2060080508,57,3
2064134067,57,3
1743286,267,2
2504744,267,2
145584543,267,2
121013333,2,2
1776175,96,4
2005305,96,3
144623952,96,1
145117064,96,3
1403414531,64,1
2056998156,268,0
1753785,269,1
2083538,159,1
2201619,4,11
2402674,159,2
2446790,270,0
2669225,159,1
2808802,271,1
2821871,272,1
3083123,269,1
3257664,273,4
3392831,272,1
24471440,159,1
32299748,273,2
34889030,274,3
35553282,159,2
39668442,273,2
46406992,275,0
48965462,273,2
49217285,276,1
80419976,277,1
104789438,278,1
117426820,279,0
117947193,278,1
119209307,277,1
123794140,159,7
144302305,271,1
145143682,276,1
2071765228,273,2
1970944,26,6
40127220,26,6
49131705,26,1
115431286,26,6
120911346,26,8
2067868031,26,6
1786743,37,6
2476503,37,2
2873070,37,13
3060418,37,1
3123952,9,2
47946265,37,5
48339410,37,1
145320204,37,12
2065755442,37,5
2066160846,37,1
1745130,240,3
34888070,240,3
39983873,240,3
3448663,51,1
1747099,280,2
1754713,281,1
1797885,282,1
2479192,283,0
2741769,284,2
3167922,281,1
3342684,285,3
3358077,286,0
48963272,280,2
49518964,287,0
51059811,288,2
88013307,288,2
95602865,289,0
108584238,284,2
115135764,288,2
117404266,280,2
145080228,284,2
1422322035,282,1
1755938,18,6
2206272,34,6
2392370,290,0
2740193,18,5
37424377,18,5
40365869,34,6
40457061,18,5
145173648,291,0
1410176686,34,6
2064615348,18,5
1746222,13,3
1842749,13,3
2216609,13,3
2633757,13,6
4671030,151,5
5183459,151,5
5336339,151,5
6131630,151,5
15983089,151,2
33455143,151,3
35133961,151,3
35248702,151,5
35540755,151,7
39624092,151,2
119505925,151,5
2064584591,151,5
2068693572,151,5
2082463515,151,3
2111395701,151,5
1747127,292,2
2779427,292,2
2056771333,292,2
2053998288,57,2
1747798,62,4
3440020,62,9
7993567,62,4
48181971,62,4
1759568,293,3
47338499,293,3
51894333,293,3
143623207,293,3
1747805,57,3
2983155,57,4
39653416,57,4
1748169,294,2
2047998,294,2
49545932,294,4
2066010806,43,3
2085689125,43,3
12454075,295,1
12746595,296,0
48400874,169,1
48979949,295,1
95249615,169,2
117849621,297,3
118597214,297,3
119142406,297,3
147093744,298,1
147102240,298,1
2072418274,297,3
1750148,56,8
2753547,56,11
2890773,56,7
3072757,56,8
9626624,56,7
46189109,56,7
82194910,56,7
144463965,56,13
117945594,62,3
2054134857,62,3
1752121,132,3
2927682,132,13
2981824,132,3
12054937,132,3
1752264,13,1
145918049,13,6
1782551,299,2
2667305,18,3
39429890,18,6
46484206,300,0
1399088307,299,1
1568943946,18,3
1846801528,18,3
2080934335,301,0
1851536,302,2
2272762,167,3
3086992,302,2
6167382,67,4
31151064,67,4
35139296,67,14
38544108,302,2
143644016,13,2
144611215,167,3
148115261,67,5
1491319456,26,7
1796264540,13,2
2052139675,13,2
2055369949,13,4
1828557,303,0
1754686,121,4
1761129,121,4
2820987,121,4
33459972,121,4
1755408,304,6
2334617,304,6
71903169,304,6
2068768613,304,6
2071801176,304,7
2078292234,304,6
2095616555,304,6
1755572,305,4
3332891,305,2
1602255019,305,3
2108342531,305,4
2111744567,305,3
1808345,306,1
2471050,306,1
2791309,307,11
22603977,307,8
34355283,307,8
69513109,307,10
100586619,307,8
113800385,307,8
1581899184,307,11
1638226602,307,8
2109820179,307,8
40379784,18,12
1756020,308,1
40976745,308,1
1756697,309,2
52307377,309,2
1995828966,309,2
1757328,310,0
1757357,311,2
1772287,311,2
144908194,311,2
1759193,312,2
2517692,312,6
10144636,312,2
1759418,169,3
49756321,169,3
113951800,169,3
1759447,40,3
2403954,40,3
2606591,40,3
39474138,40,6
1777283,9,5
1783914,13,18
1903596,313,1
2111720,314,12
9257981,315,1
10763701,316,3
10803551,316,3
32373383,9,5
39052095,9,5
40387300,313,6
40473515,9,5
48320323,316,2
50824384,315,1
51912276,317,0
90107266,9,5
143802734,13,14
143874794,9,9
145172210,13,1
145543300,316,2
1725426765,314,6
1760364,318,0
1760569,319,3
2225971,319,3
33593773,319,3
2103545060,319,3
1762987,320,1
2533074,320,1
1763153,4,6
1951032,4,6
2683356,4,6
4219233,4,14
40191926,4,11
48203655,4,6
144760974,4,6
1763640,321,0
1764577,322,3
31922068,322,1
37381189,322,2
2099247861,322,2
1825222,0,3
2233759,0,4
2343338,0,8
2382115,0,9
2747559,0,4
3117387,0,8
3461058,323,1
3620858,0,3
7387089,0,8
7395153,0,8
8651842,323,1
10016451,0,2
33015486,0,4
49708558,0,3
49860197,0,2
71389395,0,2
144291713,0,8
145239893,0,4
145894520,0,15
1401727104,0,8
1765196,13,4
1922747,13,2
2158559,13,4
1765205,324,1
79986228,324,1
1765664,325,1
1932083,325,2
1765951,326,1
1777528,326,1
1765976,327,2
4209393,327,2
145475571,327,2
1766638,59,5
1796536,59,4
1852847,59,4
51909421,59,1
2108003088,59,4
1767065,328,1
47787843,328,2
1768074,13,2
145425815,13,2
1768117,329,1
48941432,329,1
1768137,132,3
2693014,132,6
146698736,132,3
1768703,330,2
1776006,330,2
145502289,330,2
1772699,37,3
1800677,37,2
1959178,37,2
2014320,37,4
2477967,37,5
2678013,37,2
3198078,37,2
3369464,37,5
3963740,37,5
32271575,37,3
107869115,37,2
121736747,37,3
143623550,37,2
144544965,37,1
144572963,37,5
145723719,37,5
145823055,37,4
2027234906,37,2
2058352378,37,4
2067373033,37,5
2071984064,37,5
1769522,331,2
3001050,331,2
143873914,331,2
1769861,332,6
2207049,332,6
38635328,332,6
48162805,332,6
1491522159,332,6
2067595672,332,6
2070443773,332,6
1769940,333,5
2690273,333,5
3379728,333,5
31676371,333,5
145577650,333,5
153709153,333,5
1863766,48,2
2057124,48,4
2499486,334,3
2617057,37,2
2951268,335,2
3340774,335,2
5917870,336,2
27001335,337,4
38844751,338,0
49816577,339,1
89315564,334,3
104847090,334,3
118861083,337,3
121197986,337,2
144236990,339,1
145058548,337,3
145445694,337,4
153781655,334,3
2054864984,335,2
2081425053,336,2
2092126237,336,2
1770424,2,4
2086254,2,4
143798966,2,7
143835434,2,8
145804545,2,10
3040967,225,2
1772318,340,2
1946078,340,5
2068497450,340,2
144161686,4,1
2477632,121,3
2663473,121,8
2950912,121,3
3196118,121,5
35243642,121,1
47273799,121,3
47407464,121,5
144235324,121,5
2079193685,121,5
1800981,231,3
2379340,341,3
3133079,43,5
3459091,242,5
6270307,77,1
7583397,342,2
10342430,231,3
12263630,343,3
26421513,242,1
32703977,77,2
34997997,43,5
35637055,344,3
40333421,43,5
46454226,341,6
46663293,345,1
48079828,343,3
49170522,342,2
92774622,342,2
100760035,343,4
107747719,341,8
118837332,346,0
138177979,341,1
143621739,343,2
143841814,6,2
145816335,347,0
1444699639,341,6
1753593579,341,2
1753599459,343,3
1896151979,344,3
1899292751,341,6
1900489124,344,3
2004431663,242,3
2053105001,341,6
2053301059,343,4
2100687990,43,5
2107908149,341,6
2108613517,348,1
2108624384,242,3
2109246592,345,1
2109454735,341,6
2109518764,242,3
2109776478,343,3
2110175996,348,1
2110230345,343,2
2110812101,231,3
2111165720,344,3
1775687,349,2
2346641,349,3
144021633,349,2
1776099,350,2
1403048710,350,2
1484462171,350,2
1776433,351,0
1809243,2,1
48694677,2,2
50139333,2,1
153164874,2,2
2046924,31,5
2065768,31,5
2121625,31,5
3205143,31,5
7646279,352,0
39963117,19,5
120488349,31,5
1897202,353,0
2200902,354,5
2539205,354,2
2991141,355,3
3116409,354,5
8966123,356,0
30681377,354,5
34791094,354,7
35193947,354,5
46637563,355,3
48580588,357,0
49018775,355,2
49484314,354,5
49878905,354,2
70392546,358,1
122907118,359,1
123100795,360,0
1500412015,359,1
2072192768,358,1
2110618737,355,2
2111603878,361,0
1777451,4,2
1801346,4,4
1791021,34,4
2018809,62,3
2642122,328,1
2815916,34,3
2816484,62,2
3071703,62,8
3199193,62,3
8528698,362,2
21007048,34,3
31422836,34,3
37159503,362,2
37938696,62,3
48994697,362,2
144817346,62,3
144844426,34,11
2163282,363,2
2175835,364,0
2373998,34,3
2391370,6,8
2929988,365,0
10009230,366,0
11170249,57,5
11259508,367,1
20944965,363,2
34599212,367,1
35339521,368,1
39729634,57,3
40694684,369,1
47012142,368,1
51197268,6,2
51291986,57,4
79165439,9,3
80564879,369,1
115254393,363,2
115257572,57,5
117014535,370,0
121028095,371,0
143890973,6,2
144685981,372,0
1418836134,57,6
1420424297,57,3
1659159371,57,3
1790267675,373,0
1902713764,57,1
2089062257,57,6
2091583897,374,0
3368321,0,3
145797387,0,3
2065295833,375,0
1780115,376,1
118607769,376,1
1781500,34,3
1783184,34,8
2571049,34,7
1781883,6,4
1790849,6,5
32769799,6,6
35053058,6,4
51067816,6,8
2184913,299,2
1811944,377,0
1992750,48,1
2051975,48,2
3008874,378,1
3456325,48,1
8388443,30,5
9552744,48,2
16047887,379,0
37936069,48,8
39597018,378,1
47352285,48,2
50593657,380,1
144157926,30,2
1620657808,48,4
2000893055,48,7
2054860511,380,1
2088899596,48,6
2091919964,48,1
2100517979,48,5
1782853,30,20
2017237,30,1
2504446,30,5
4254041,30,5
4513565,30,5
6359077,30,5
26759530,30,12
32335850,30,6
33891128,30,2
143946641,30,1
144673084,30,13
144799987,30,6
145583569,30,6
1411379613,30,2
1695773203,30,13
1988916287,30,4
1990294591,30,4
2053993324,30,6
2069626187,30,15
2110348576,30,2
34769917,34,3
117745152,34,3
143836587,34,3
145664318,34,2
1898789,381,2
1951299,382,1
2400779,381,2
46330072,382,1
84222746,383,1
144558957,381,2
2111373038,383,1
1925509,13,8
1978989,18,6
2896291,18,3
27342735,13,4
28823550,13,3
33176076,13,6
39838907,13,4
46677579,13,6
48145366,13,4
101482772,13,4
117977794,13,6
145080722,13,6
145432486,13,6
1630469424,13,2
2066029559,13,3
2109293717,13,5
1783942,384,4
1792635,384,4
1852153,384,4
2101381,384,4
144772905,384,4
1803116,0,4
1835891,385,3
1853467,0,5
1873868,385,3
1935789,385,4
1944550,0,6
1958517,386,0
1971567,0,4
1984044,0,14
2052934,0,2
2293793,387,1
2367789,0,2
2602549,387,1
3087901,0,1
3118759,0,8
3128503,0,10
3146840,388,0
3302599,0,6
3345653,0,2
4569669,0,1
5031726,0,5
5100462,0,5
8664811,0,4
8678300,0,5
11805434,0,4
12393091,0,2
23426299,389,1
30080277,390,0
31972577,0,3
32196554,0,3
32304430,391,0
32442896,0,2
35405744,0,5
35541240,0,2
38050902,0,4
38565654,0,3
38798234,0,2
46468401,0,2
49122092,0,8
49554524,0,1
50524587,0,6
52171292,0,2
89392525,0,5
95524117,0,4
113979865,392,0
134474919,385,1
143680232,385,3
144389166,0,2
144727027,0,5
145430236,0,5
145553967,393,1
147794658,0,3
1398028847,0,3
1398555696,0,13
1398856738,0,3
1399375171,0,6
1399528697,0,3
1401720715,0,4
1403841396,0,6
1405596416,394,0
1945712005,395,0
2054335562,0,1
2054883220,396,0
2055895021,0,15
2058515800,0,3
2061188084,0,3
2064139661,389,1
2065066018,0,5
2068958307,393,1
2091143606,0,4
2105502974,0,5
2108901127,0,2
2109935225,0,2
2513121,397,2
144618583,398,1
1518248278,398,1
2035504804,397,2
2035509705,397,2
1786148,32,6
2596538,32,6
31726059,32,6
143736201,32,6
1405013138,32,6
1422499086,32,6
1788802,399,1
47969255,399,1
1789540,400,0
1790944,172,6
2161233,172,3
2991297,172,3
46491690,172,3
48053030,172,3
48535187,172,7
82968651,34,3
1791069,285,2
2067475,285,2
1791413,57,7
1801223,57,10
3011486,57,3
6503145,57,4
118583353,57,4
143912507,57,5
144008442,57,7
1791787,401,1
30281690,401,1
1792014,402,5
1793035,402,5
1861130,402,5
2440788,402,5
2516889,402,5
46451376,402,5
1792269,403,2
3422266,403,1
37666967,403,1
1792418,404,0
1792623,405,2
3257345,405,2
3400655,405,2
2471896,9,4
2899074,9,4
143759133,9,1
145725020,9,4
1793519,406,1
145134535,406,2
1793601,407,6
2866858,407,6
37189729,407,6
50770652,407,6
145622311,407,6
1725412685,407,6
2029655407,407,6
1793883,408,4
2901051,408,4
38875309,408,4
51520860,408,4
1399890865,408,4
2222418,409,1
2228459,410,0
2372751,411,2
8932668,411,2
30308222,409,1
41197857,411,2
2110824033,412,0
1794750,413,2
3122098,413,1
153280673,413,1
1794786,34,1
1794953,414,5
9499353,414,5
12290584,414,5
28022020,414,5
69373883,414,5
2106115106,414,5
1794991,415,0
2350103,43,3
2360945,43,3
2532027,43,3
35650661,43,3
39724624,43,2
49870342,43,4
73774143,43,4
117885595,43,4
143634219,43,8
145724348,43,6
1399519070,43,6
1401290379,43,4
49095450,416,1
2051741151,416,1
1868490,417,0
2136860,418,1
2146802,419,3
2353412,420,1
2631417,421,4
40390550,419,3
50545056,422,1
69383880,420,4
144002439,419,7
144016056,418,1
144211059,421,3
145171749,421,4
145931139,422,1
1389036863,419,3
2055969088,421,2
2070679879,421,3
2108734693,423,0
1796908,424,1
9180966,424,1
1796931,425,2
2139534,425,2
2516059,425,2
1797149,426,3
3172497,426,3
47203912,426,5
2097937153,426,2
2440972,427,0
2796576,62,11
3250989,62,5
46424988,62,5
49625187,62,10
2095414454,62,5
1797619,428,0
1799470,4,2
2885589,4,1
1942971,429,2
1991841,430,1
2016795,431,1
2720748,432,0
2991562,430,1
3093901,429,2
20487528,429,2
40629666,433,3
41128618,433,3
50816198,431,1
50828583,26,1
66099712,433,3
93799477,434,3
117358487,434,3
118956516,434,3
120177698,435,0
144047902,434,3
144299590,436,1
145298041,433,3
2071531000,2,1
2110523580,436,1
1800363,437,0
1800842,438,5
1822242,438,5
2640356,438,5
115671562,438,5
1401279392,438,5
1403060027,438,5
35094795,4,2
1802083,439,0
1802174,440,0
1802708,441,4
2254131,441,4
37517782,441,4
144781312,441,4
2053789148,441,4
1803171,159,4
2022288,159,4
21243375,159,8
35831406,159,4
1803359,442,0
31390155,173,4
49805882,173,4
72856857,136,1
1481724234,173,4
1910550048,136,1
26401957,443,5
31511853,444,1
35410873,443,9
47506168,444,1
51901315,443,9
120315318,443,5
145844498,445,0
1417307596,443,5
2060863703,0,1
2070524232,443,6
2070916165,443,5
2076751932,443,5
2083861280,443,6
2092462245,0,3
2101022236,443,9
1805550,446,1
144452579,446,1
1807682,447,4
1975761,447,3
68972769,447,3
118407911,447,1
151428162,447,3
1881696,448,3
1900676,449,6
2931672,449,4
3081847,449,6
3285322,450,5
3659997,450,6
5740734,450,3
31597324,449,4
34894131,450,3
46950454,448,3
48671916,450,7
52292389,450,6
52362254,450,4
52441003,450,6
87013866,448,3
144864540,448,3
2055066757,449,4
1808447,451,5
2950504,451,5
3381911,451,5
6199248,451,5
32735605,451,5
2085205749,451,5
1808515,452,6
2450627,452,6
5337233,452,6
8854282,452,6
39446706,452,6
46877301,452,6
2005283870,452,6
2334449,35,1
3099164,35,1
1810064,453,2
152276166,453,2
2052497828,453,2
1812586,454,0
1814195,226,2
145961392,226,3
1814699,9,3
40564403,9,3
152618356,455,0
2076328,456,5
2146189,9,5
2295436,9,7
38803352,9,5
49869581,9,5
143750317,456,5
144021446,456,5
144620977,456,5
145001661,456,5
1469370086,456,5
1864109257,9,5
2362490,6,4
2411946,6,8
2065172027,6,4
1818599,132,3
1855144,132,3
49999553,132,3
1819612,457,5
5536789,457,5
52051684,457,5
114833791,457,5
1435620696,457,5
2066407275,457,5
1821014,67,6
2844459,67,11
32261909,67,6
50148940,67,6
115558609,67,8
153772145,67,6
1822060,458,0
1823990,19,3
2751909,19,14
1404434289,19,3
1405578363,19,3
1826312,9,1
2081249,26,7
2135348,26,3
3016256,26,3
34805726,26,4
51151458,26,5
1557331003,26,2
2007746430,26,2
1828604,30,2
1830171,37,5
34903404,37,5
143802058,37,5
2066626968,37,6
2486795,4,7
40510184,4,7
47812155,4,7
77090294,4,7
145644167,4,7
2502423,459,6
12243518,459,4
34597147,9,1
39083912,459,4
47786922,460,0
107879197,459,4
134730247,459,4
144940246,459,2
1484753273,459,2
1832325,461,2
1963591,461,2
31801201,461,2
2210374,462,3
33642939,462,3
36610242,462,3
39656686,48,3
50884186,48,2
107796650,48,1
143756980,48,2
1398679323,48,8
1401736799,462,3
1414796571,48,3
1825150776,307,3
1993488701,463,1
1993530420,463,1
2046827235,307,3
2046827595,307,3
2066152579,48,3
1835219,226,1
145054722,226,3
1836263,464,1
145277525,464,1
2214132,37,1
32360164,465,0
49253666,466,0
144608861,37,1
1976250175,467,1
2066212609,467,1
3160568,30,7
46205905,18,6
46287083,468,4
47769799,469,1
89918089,37,2
144133081,37,1
1557288804,37,2
1842598,18,2
34060829,18,3
46835179,18,3
1843080,470,0
2468251,314,4
2832085,9,3
11858621,9,3
37264444,9,13
47683385,9,3
1844994,11,5
1914904,11,5
3142146,11,5
3153970,11,6
3195620,11,5
1846542,35,6
2220571,35,6
2659182,35,6
46370967,35,6
1820939249,35,6
1846839,471,1
5359302,471,1
1847584,472,1
2108783344,472,1
1847907,61,2
1848764,473,9
2081444,473,9
2942586,473,7
51192430,473,9
51924391,473,9
82375331,473,7
1403766183,473,9
2054951331,473,9
2064119650,473,7
2074034225,473,7
3254987,34,4
3318905,34,4
51444076,34,4
1855350,474,5
79388098,474,5
80850882,474,5
121901832,474,5
1435240859,474,5
1506203850,474,5
5978950,475,0
2061395247,476,0
1858149,477,3
32065573,477,10
40652732,477,7
47184018,477,3
1858550,478,3
4256290,478,3
116313283,478,3
2056927974,478,3
1859328,479,4
2148857,479,4
3301461,479,4
49535686,479,11
2057972382,479,4
1928233,37,6
3118047,37,6
101474256,37,6
2076535206,37,6
2080672543,37,6
2083579933,37,6
1859994,480,1
36472765,480,1
1860020,481,3
2389876,481,3
39390777,481,4
1411322963,481,2
2734912,6,4
144715575,6,4
145228658,6,4
2713727,31,2
2997019,34,3
32196493,482,0
32455680,31,2
40577108,34,3
145284103,419,3
145523489,34,3
1863901,483,1
20972143,483,1
1864388,484,2
47283340,484,2
114640696,484,2
1866210,485,1
32449739,485,1
2102739,6,2
27529530,6,3
40056533,6,2
40068190,6,5
144669634,6,2
1410457841,6,4
2054746580,6,5
2055938290,6,2
2064095808,6,1
2066244875,6,2
2067374230,6,3
47110820,486,5
47825185,486,5
50184120,487,2
114068851,488,0
137907215,486,5
145087825,487,2
2000195422,486,5
2087325597,489,0
2101286629,486,5
2105701140,486,5
2107946060,487,2
1879192,490,2
1948951,490,2
73558288,490,2
1881662,491,1
30717442,491,1
1883349,492,4
35112452,492,4
108593428,492,4
144392779,492,4
2084269438,492,4
2951845,493,6
3093431,493,6
31889131,493,6
32844570,493,6
39733718,493,6
52430902,493,6
144909944,494,0
2107384379,493,6
1884284,4,3
2364979,4,5
3169225,4,3
1884660,495,0
3203785,57,3
50566778,57,3
1889202,496,2
4864745,496,2
117543199,496,2
1891305,19,4
2065584059,19,4
1895266,497,4
24227453,497,5
75171216,497,6
143816879,497,4
145358892,497,4
1895296,479,7
2257820,479,7
2626843,479,7
3012349,479,7
4222196,479,7
37973754,479,7
49094660,479,10
1896018,169,2
49323336,169,4
145212340,169,8
1898950,498,2
3442327,498,2
39145388,498,2
2669438,499,1
2792469,500,0
32602572,9,2
39415807,499,3
120664458,499,2
145679219,499,2
2648570,449,3
145634335,449,3
2762633,64,2
3115480,64,2
3933548,64,2
4189367,64,5
5928579,64,8
47043282,64,3
49425477,64,4
49601951,64,6
143825448,64,3
143925480,64,5
144964751,64,6
2054953606,64,1
2108778091,64,5
2108778377,64,6
1903282,43,3
2327749,43,5
114830687,43,3
145882236,43,5
1903670,501,3
37978142,501,3
67045794,501,3
144402510,501,3
11902530,26,1
145272159,26,3
2110544787,26,1
1907352,502,4
49734590,502,1
70550448,502,3
145329865,502,3
2059554946,502,3
39695233,503,0
48053776,504,0
145080995,505,0
1405387805,506,0
2912943,507,0
47979457,508,0
122585698,509,0
1914360,4,3
2622687,4,7
2987485,4,3
5040241,4,3
7259268,510,8
32735464,510,4
32801029,510,8
41094808,18,1
47546597,510,1
50981816,510,3
143901614,511,0
1416945634,18,4
1916117,19,9
2620318,19,6
24288875,19,8
40894481,19,2
49137136,19,5
144610599,19,12
145155219,19,7
1403027255,19,5
2051745007,19,2
1916358,18,2
3026226,18,15
1918441,512,3
2459830,512,3
145364504,512,3
2061016901,512,3
1923153,13,1
116074438,13,7
1923462,513,6
2937772,513,6
3089233,513,6
4698704,513,6
48834928,513,6
145213301,513,6
1403809579,513,6
2447350,186,1
2150988,514,0
32086754,13,2
1925560,18,5
2052707659,18,2
2059721601,18,3
2061625001,18,3
1928572,515,7
20875376,515,7
33233370,515,7
34670164,515,7
73234077,515,7
98640328,515,7
144831490,515,7
1786840703,515,7
2219019,516,0
9642898,517,2
24584128,517,2
46299998,517,4
50392319,517,2
2059702963,518,0
2068447550,517,2
2076736,26,1
2266503,26,2
4822550,26,6
14918729,26,2
39850767,26,3
2796337,325,1
1939072,519,5
3200693,519,5
35973196,519,5
153181592,519,5
1712825123,519,5
2107914725,519,5
1939358,520,0
1940627,521,0
1941255,522,1
48273381,522,1
1945640,523,1
2934816,523,1
48337979,340,3
104588671,340,3
2109594778,340,3
3193673,57,3
1947459,524,1
144045605,524,1
2027667,525,5
2580290,525,5
2813811,525,5
34955110,525,5
35278404,525,5
90732583,525,5
3467819,526,2
34802004,526,2
47258565,526,2
79904188,527,0
1951564,64,4
1398241945,64,8
2135363,528,1
2697953,529,1
3101419,530,2
3256413,530,2
3385949,530,2
5944993,528,1
117037531,529,1
2264182,531,2
2363920,4,8
2499673,4,6
2601281,4,2
2610155,4,2
2758192,531,1
2840779,4,2
2850031,4,5
3020257,4,3
3249439,4,3
5370083,4,3
8103703,4,2
11230598,4,1
12867734,532,1
34942275,4,1
40482863,533,1
46688646,4,2
46689141,4,3
49880005,4,3
51172087,532,1
51216400,534,1
52419850,535,0
66989095,536,1
115204425,534,1
115317372,4,3
117593849,531,1
122212441,531,2
145486068,4,5
145851479,4,2
146050449,537,0
146686896,533,1
1481023254,4,4
1753291331,4,3
1850538118,4,3
1942224109,534,2
2103963709,536,1
1954646,25,2
2059013549,25,2
1955034,538,2
46841215,538,2
73263197,538,2
2223687,539,2
2855998,539,2
6948417,426,1
8201079,540,4
34660791,426,2
46727363,541,0
48105233,542,0
152929627,540,4
1416415761,540,2
2065614779,539,2
2253600,13,4
2315475,543,5
2624785,544,2
4086529,543,5
4213990,6,7
31908706,13,2
39888452,13,3
115512104,543,5
119101976,543,5
143691621,544,2
143710789,544,2
143892297,13,1
145574694,543,5
145958320,543,5
153243248,13,1
2005467141,6,2
1958985,545,2
1400956398,545,2
2075249103,545,2
1959755,546,2
120232383,546,2
144923332,546,2
2986738,547,0
5995557,208,7
32971115,208,1
35930990,548,1
79471824,549,1
81624220,549,1
2055973601,548,1
1962691,18,5
3091574,18,10
3386013,18,8
47450657,18,8
118991724,18,5
1970636,48,3
40902001,48,3
2073018730,48,10
1970752,152,1
37987273,30,9
104679607,30,5
118692657,30,6
145769614,30,4
1695503420,30,6
1720776022,30,9
2054783474,30,4
2069626486,30,4
1973607,550,1
145491949,550,1
1978098,18,3
2036229,18,3
48615328,18,3
1978469,37,3
39397465,37,3
50202363,18,1
1981736,551,5
2210840,551,5
4844310,551,5
121199908,551,4
1398380571,551,5
2069787189,551,4
1982058,552,0
3174259,0,6
47697061,0,4
2066291546,0,4
5960787,553,0
7994754,43,1
38495205,554,1
38563928,554,1
49587408,57,2
119127731,555,0
1388059561,556,0
1388392138,557,0
1741320275,558,0
2068883041,559,0
24029613,560,2
49352157,561,1
114387276,560,1
145616431,561,1
1995468093,560,1
12003640,562,0
1994992,563,2
2161653,563,2
6049738,563,2
5458129,564,2
7816112,565,0
48837352,152,4
49570722,566,1
49878912,567,0
72275901,564,2
115451247,568,2
119938771,568,2
122152447,568,2
143838985,62,2
144420819,566,1
144622527,299,1
2089344263,564,2
2549550,569,1
2760326,570,7
2767399,571,2
2879326,571,12
2936028,570,5
2969846,569,1
3239345,570,4
9044602,570,3
12108556,570,2
32949796,571,4
33949797,570,5
38419671,570,8
46497684,570,6
47274240,570,4
47632432,571,2
52272084,571,3
70662275,570,7
143688381,571,3
144453348,570,3
150125110,571,9
150352076,571,2
1395066131,571,1
1443781725,571,3
1500412045,571,2
1506998190,571,2
1741308886,572,0
2054128304,570,3
2054986454,570,1
2067674057,571,3
2092962092,570,1
2111455444,571,2
2935366,57,1
1999125,573,1
35167554,573,1
1999265,574,0
2000020,575,2
145507437,575,2
2086700188,575,2
50617806,576,1
2110316755,576,1
2004392,577,3
8010403,577,3
50187348,577,3
2105947573,577,3
2005927,314,2
40486345,314,2
2009092,578,0
2011787,579,3
2051081,579,3
2368341,579,3
3096649,579,4
2012043,580,2
2205698,580,2
3420285,580,2
2014293,581,3
3027683,581,3
123961960,581,3
1394341310,581,5
2069995475,30,2
2070409893,30,2
2016688,19,2
40527549,19,7
2017646,582,1
31251390,582,1
2022914,583,0
2028071,584,1
3023306,584,1
2029935,585,0
2658975,586,1
10799096,586,1
46472777,587,2
2053832511,587,2
2061666356,587,2
2035992,225,1
2038488,588,1
2109073427,588,1
2042055,34,5
40413539,34,5
2054898276,34,5
49250210,589,2
119393497,304,1
2084184731,589,1
2630298,590,6
3806362,590,6
51167022,590,6
144525753,591,1
144699362,591,1
145315377,590,6
150975277,590,6
1406452999,590,6
1665937378,590,6
52528187,592,0
2464550,48,10
1388712122,48,2
2058805,570,5
20815903,570,5
40987719,570,2
122392738,570,2
2110977820,570,3
2059705,593,3
3460259,593,2
34779525,593,2
100684298,593,1
2061340,594,2
6354941,594,2
1412446068,594,2
2061766,93,4
2869893,93,4
51967212,93,4
69034455,93,4
2783939,152,4
3019739,152,4
3797258,152,2
4645317,152,2
39914586,152,2
2062339,595,1
2668847,595,1
2064076,481,8
2153823,481,4
5260237,481,6
40595941,481,8
51296107,481,5
118547932,481,4
2065215943,481,5
2094229709,481,3
2111781975,481,5
10744785,57,3
38229662,596,0
114238276,57,3
2110879073,57,3
2066243,597,1
49086368,597,1
2067535,598,4
8318698,598,4
51135947,598,4
118404344,598,4
123017419,598,4
2973799,599,0
2070883,600,0
2070910,601,0
3212908,602,2
23970452,602,3
32507426,603,2
48606432,602,4
48939968,602,3
151441161,603,2
152646878,602,4
1931665923,603,2
2073659,604,1
46646080,604,1
2076048,605,1
1584578790,605,1
122662007,606,0
2078147,607,4
4626515,607,3
6630778,607,3
10794357,607,3
114549886,607,1
2079282,608,6
4432957,608,6
4841109,608,6
35400274,608,6
49309503,608,6
52206512,608,6
1963374694,608,6
1399594486,26,2
2007565143,26,2
2082305,4,3
73064747,4,3
2084808,61,3
144408445,61,3
145974520,61,3
2085588,609,2
2196522,609,10
143604938,609,6
2086307,132,3
2464895,132,9
118132238,132,4
2056597574,132,1
2086639,611,2
2222952,611,3
150310289,611,2
2088358,169,8
2519453,169,5
30421024,169,7
67325540,169,7
143995258,169,3
145059556,169,10
2109842960,169,5
2095083,612,3
2542122,612,3
47504191,612,3
144859929,612,3
2408791,37,5
3387394,307,2
28573362,613,1
31228081,613,1
31954599,37,3
48223574,307,2
143644649,307,4
145334595,307,7
145351935,37,3
1404354049,307,2
2042071202,307,2
2086070326,37,3
2098911,614,1
31413949,614,3
2082668972,19,2
2107723839,19,2
2099734,615,2
2407173,615,2
50325098,615,2
3125665,4,2
47270366,616,6
74587373,616,6
102471941,616,6
103129863,616,6
144899539,4,1
145083788,616,6
145116048,4,3
150034597,616,6
1741315202,617,0
2042411662,616,6
2080155085,618,0
2108104,619,2
3379428,619,2
49492182,619,2
2109235,132,2
2375351,132,4
2109729,620,1
144567039,620,1
81998872,43,2
120228851,621,0
147311305,622,1
2054657508,43,2
2086391202,622,1
2988289,314,3
41072903,314,7
46480867,314,3
120935900,314,6
146721686,314,2
1475315063,314,6
1752287104,314,6
2109670297,314,6
2112748,623,0
2113809,624,0
2749233,9,2
1666637442,9,2
2116972,609,4
39685029,609,2
47148631,609,1
2117535,625,2
3196270,625,2
145926487,625,2
2120952,626,2
35041184,626,2
145012477,626,2
2127156,627,4
2134290,627,4
3329979,627,4
39547552,627,4
1380618502,627,4
2127270,628,4
48965924,628,4
144417468,628,4
144609107,628,4
2075490080,628,4
2127786,629,5
34655523,629,5
36106268,629,5
143901502,629,5
144913176,629,5
1405685624,629,5
2128372,630,1
2109640882,630,1
2130858,19,6
3111137,19,5
33465537,19,5
1403978052,19,7
2061878581,19,1
2069874449,19,5
3927979,29,2
2064738166,29,2
2134842,631,0
2137248,632,0
2137777,633,2
2729440,633,2
145453803,633,2
2138771,634,0
2140017,635,1
3156752,635,1
2140169,636,5
3699193,636,5
24625796,636,5
24662207,636,5
1413963535,636,5
2008271114,636,5
2801337,64,4
3003737,637,1
3571922,638,2
3870607,64,1
4652054,638,2
7363052,637,1
28352444,639,2
32368040,640,1
35428918,638,2
39597654,64,3
47163421,64,3
51877210,641,0
108488786,2,1
144784059,640,1
1404663041,639,2
1419459974,639,2
2065805203,642,0
37405703,265,3
120797752,265,3
2057004498,265,2
2142728,643,5
32600237,643,5
46848228,643,5
107595599,643,5
123760338,643,5
144482423,643,5
2144305,644,6
6017782,644,6
8032799,644,6
40561274,644,6
143639460,644,6
2053871768,644,6
2060357205,644,6
2214843,645,0
41050489,4,5
46199865,4,5
46203249,4,5
46249511,4,5
2149322,646,2
2764830,646,1
143610082,646,1
2152199,647,3
2583711,647,3
2776193,647,3
3203245,647,3
2154328,164,5
30010780,164,2
30194699,164,3
35989470,164,3
39213872,164,6
2537861,648,2
3220805,649,0
4933734,648,2
5999063,648,2
6474958,609,3
9528303,609,2
31936306,650,2
50095416,609,3
81012825,651,0
89045846,650,2
116261468,652,0
145903684,650,2
1403676361,653,1
2059565151,653,1
2333880,152,4
2533201,152,4
3488772,152,4
40607009,152,4
47830101,152,1
2157654,34,3
3203307,34,2
1739577228,34,5
5934403,654,1
7356459,654,1
46183714,655,0
2165346,656,2
2267110,656,2
1397933253,656,2
2168633,13,1
2175645,657,0
2211003,510,6
2898337,510,6
39065599,510,6
120345599,510,6
2072958899,510,6
2184260,658,2
6834713,658,2
2064687867,658,2
2184800,659,0
2187064,32,2
9678381,32,3
35121943,660,0
2495100,661,1
2594921,169,2
2661446,34,3
2894881,662,1
5903133,169,3
5926409,662,1
6775889,34,2
6996102,169,1
7399992,663,0
7490972,169,3
7777877,169,2
11842754,169,3
25846139,169,2
30758870,661,1
34511682,169,2
35029527,664,0
41097326,665,1
49572331,169,1
49982584,169,6
51189569,169,3
52517246,34,2
80578765,666,2
102504381,34,2
114717743,169,1
116167122,169,3
118158644,169,4
119562914,667,0
145677428,169,10
1741818906,665,1
2098100476,169,3
4960525,668,1
6914004,668,1
1396657080,669,0
2190549,62,5
10504514,62,5
83325421,62,5
2088998296,62,5
2190818,670,3
31580208,670,4
46489956,670,1
108116017,670,5
2193109,419,3
47952245,419,1
2110332682,419,2
2666533,671,0
3305152,672,0
11910817,673,0
22560425,674,1
49678478,675,1
103035256,674,1
123495279,676,0
143832679,677,0
1738293250,678,0
1903034017,225,1
2074659688,679,0
2110602165,675,1
24563452,13,3
46459119,13,3
2071557283,13,3
9097247,680,0
23178603,681,3
30360015,681,3
32632697,681,5
40426453,681,3
50212406,681,2
71569009,681,2
2989002,609,3
46352631,609,3
2081246604,609,3
2202119,56,6
6974508,56,9
46617468,56,2
50352105,56,4
70354334,56,4
1404609254,56,7
1431727638,56,4
2202731,682,0
2203975,683,1
98446511,683,1
2210638,2,4
3393713,2,7
40084738,2,4
2881754,152,1
3459256,684,1
3918669,152,2
6583951,152,1
34811200,685,1
36887062,152,2
46194537,152,2
46275187,152,2
92258283,152,10
143774140,684,1
152660577,152,2
2053534751,152,1
2080608964,152,1
2215506,37,2
3008082,37,2
2215875,18,3
2216582,686,0
32524198,611,1
2224467,43,7
3015736,43,4
5956519,43,5
50065500,43,3
145825090,43,4
2637036,30,4
50486665,30,4
143996020,30,4
2229725,687,1
3119272,687,1
2660575,307,11
3094084,688,0
34821764,9,7
148176877,307,3
1387936232,689,3
2230578,6,1
2232853,689,3
35169961,689,3
49017964,689,3
2111337069,4,2
2235787,690,2
2312909,690,3
3673095,690,2
2236551,691,3
2613576,691,2
3309300,691,1
41218749,691,2
2237559,692,0
3064908,693,1
3350155,694,2
70559752,693,1
72169014,694,2
89602472,694,2
3938926,477,5
38685463,477,5
2053024627,477,5
2056227912,477,5
2372699,695,6
2604532,695,6
3044909,695,6
4668280,695,8
10243614,695,6
37147319,695,6
1400946717,695,6
48213346,696,0
118559963,13,7
144743716,13,2
2108772005,697,0
2733573,698,2
47308023,698,2
120864783,698,2
39662224,699,1
48133385,30,2
71452818,43,2
113332048,30,2
2051914304,699,1
2065523493,43,2
2086928350,700,0
2981399,701,0
40916635,702,0
2254522,64,2
48249758,64,2
4184754,703,4
4514769,703,4
32764912,703,4
40413646,406,5
49969131,703,4
83133630,703,4
87889263,406,5
144399852,406,5
152740749,406,5
1401776476,406,6
2079723267,406,5
2343939,704,0
2353692,705,5
2368274,34,2
2923143,189,1
3111124,706,2
27851872,705,5
31456814,581,2
49920551,705,5
100624017,705,5
145142464,706,2
145574211,189,2
145906848,189,2
151167206,705,5
1726080818,34,2
1742270607,705,5
2004484154,706,2
2074622283,581,2
2108065227,189,2
10428377,707,1
11200818,707,1
2264936,9,1
40094191,9,3
47972291,9,2
118982178,708,2
119672063,708,2
122583224,709,1
1467645111,708,2
1491522257,709,1
2093182947,9,1
2263239,710,7
4869850,710,6
12807166,710,7
69530132,710,6
115399156,710,7
145230648,710,4
1741162076,710,6
2066235409,710,7
2265320,711,3
7314152,711,3
31648526,711,3
81668503,711,3
2268054,712,4
3461735,712,4
143676631,712,4
144991676,712,4
147322643,712,4
2268508,713,0
2270392,18,4
2361045,18,2
2866570,18,6
52224755,18,1
2108670958,18,1
2271847,714,1
49029561,714,1
2272463,715,2
2286702,715,1
6482957,715,2
2282911,716,0
3397076,717,0
2290505,9,1
2293193,307,8
2459453,307,2
4444363,307,3
30291444,307,3
51008971,307,3
2068543889,307,2
40800374,9,2
49974609,9,2
24269254,718,1
33769943,718,1
34348265,719,0
2692229,720,4
34144770,720,4
52107315,720,3
153759799,720,3
48049537,721,0
2064772117,722,0
7917904,307,1
52206144,579,1
1409432424,307,2
1454235039,307,2
2057073872,690,1
2724608,723,1
2818179,724,0
2875269,725,0
5230866,726,1
11308925,43,4
27571469,152,2
31528465,152,2
32389095,727,1
40161957,728,2
40962369,729,1
47320875,730,1
48377286,43,6
49448799,152,2
51128520,731,0
114301112,732,0
118608574,723,1
120295806,43,4
122840755,726,1
123438347,729,1
144468073,733,1
144730171,43,2
145445273,43,2
145807397,43,4
1400347486,152,4
1620261229,727,1
2067569911,734,0
2067781838,728,2
2068612240,733,1
2080373281,728,2
2087117615,730,1
2995555,4,2
3035777,4,1
4933434,735,1
7592661,736,1
31720831,4,2
50483531,4,1
52220711,736,1
102108390,4,3
1491748468,735,1
2047483357,4,3
2058144481,4,1
2071024066,4,3
2655156,170,3
3007612,170,2
32847567,170,3
48002440,170,1
51931459,737,0
80489659,738,0
93194363,739,0
144139103,740,0
145193760,741,0
145427708,742,0
1422500727,743,0
2108956722,170,3
2109979099,170,2
2325832,744,2
1778496832,744,2
1780597448,744,2
2385228,745,2
2439079,746,5
2972424,745,2
3055112,746,3
3232121,746,3
48333776,746,3
51115231,746,2
71261017,745,2
90599671,746,2
145813907,747,0
2328263,748,0
2328438,749,5
72221230,749,5
89263159,749,5
90917724,749,5
122103695,749,5
123265969,749,5
2329228,750,0
2330381,4,3
2330620,151,1
2111881583,43,1
22186618,43,3
2072792612,43,1
2336642,751,1
2532655,751,1
2337765,32,2
3239668,32,2
2337964,752,1
2075229276,752,2
2339740,753,4
10331040,753,5
32816026,753,4
89932561,753,4
2072111245,753,4
2341794,754,2
6056001,754,1
1783133207,754,1
2343210,755,1
1898048420,755,1
2345936,30,3
145237359,30,3
122850182,349,1
2536104,756,1
2727480,757,1
3804302,164,2
66809640,757,1
123424836,758,0
143740830,756,1
1398968901,164,2
48245618,67,3
51183905,67,1
72025657,67,3
122152371,43,1
32873584,9,1
2351618,4,6
3069299,4,3
3245383,4,6
4398116,4,4
31213251,4,3
1816720582,4,4
2883158,32,4
8065212,32,4
36947098,32,4
2064275036,32,4
2359821,274,2
20562042,274,3
35134928,274,2
2362288,4,3
8369574,4,3
49521137,4,3
3915395,4,1
33497512,759,0
40654835,760,1
1405388222,760,1
2056774477,761,0
50054955,762,2
145668062,762,2
2075964723,763,0
2109845902,762,2
2364735,764,1
2004696334,764,1
2364974,765,2
34386299,765,2
82502092,765,2
2366591,479,3
82860618,479,3
1395795920,479,3
2366954,13,2
144389145,13,6
2037899334,13,2
2369590,477,3
35666942,477,3
2056047442,477,3
2370142,766,3
6652785,766,3
40104995,766,6
1491578557,766,6
29898555,34,2
145457966,34,2
49248752,132,12
2083702300,132,2
2381124,767,1
144684950,767,4
145986776,0,1
2383344,768,1
32203205,768,1
2388998,769,2
36470486,769,2
2109792794,769,2
2393427,4,4
39102113,4,4
49868606,4,4
2399603,770,0
2401632,771,0
40961249,772,0
72641097,773,0
151214273,37,2
2411546,774,0
2412211,775,1
114754317,775,1
2413860,776,3
2455617,777,1
2841157,40,4
3046558,777,1
38481884,40,1
39608115,776,2
119242575,776,2
153735821,13,2
1739276626,778,2
1739333328,778,2
1845904673,776,1
2070170034,40,2
2082688341,778,2
34893194,32,3
143720592,32,5
1403820241,32,3
2417334,9,3
2868274,9,3
4207781,779,2
6113983,779,2
34941653,779,2
113940974,4,1
117135563,780,0
1414918071,614,1
1435523921,781,3
1969744516,781,3
2075703257,781,3
2094881808,781,3
37510526,782,2
47566631,782,2
2106694675,782,2
2438249,783,3
38545658,783,3
51286217,783,3
2090528250,783,3
3631920,43,2
51878894,43,1
145291979,43,2
2441057,685,1
2443976,784,0
2445123,785,0
2445287,786,1
2007091886,786,1
2447302,787,0
2448717,788,1
2879379,788,1
2449380,789,3
3042002,789,2
36503133,789,1
46234265,789,2
2449460,790,5
2661378,790,5
38293993,790,5
144734666,790,5
144904732,790,5
2066236014,790,5
2452072,791,3
2763980,791,3
39432485,791,3
52467802,791,3
2454795,34,4
28272521,34,2
2455564,792,1
26324534,792,1
2459516,793,2
78922886,793,2
107834422,793,2
2463070,794,0
2703149,795,1
4958777,795,1
33281683,796,0
41181294,797,1
49599840,797,1
101507183,798,0
144155315,34,3
145472333,34,5
1405517914,34,3
2065995286,799,0
3347568,48,6
46645239,48,6
50824132,48,6
145719218,48,6
1397603104,48,6
1749334075,48,2
2054002191,48,6
32615664,132,2
51913730,132,14
67269577,132,2
117496411,132,3
143711716,132,3
150106539,132,3
2006474591,132,2
2471402,6,1
2473052,800,1
3036499,800,1
2475576,801,3
144569131,801,3
145171812,801,3
2091253379,801,3
2476111,802,1
40975153,802,1
2047554207,803,0
2075298775,804,1
2108959746,804,1
3923375,34,2
2054734605,9,3
2071906375,9,3
2478315,805,0
2479091,806,2
2484346,806,2
3149714,806,2
2480209,19,5
2697972,19,2
2797529,19,5
37747895,19,7
2482136,807,2
46431498,807,2
48362356,807,2
2482314,808,1
145667886,808,1
2482801,809,3
38229056,809,2
49092817,809,2
49115533,809,5
2484445,810,3
2820780,810,3
40119198,810,3
2079554611,810,3
2488299,208,5
48138838,208,5
72624347,208,6
73754350,208,5
3461253,811,2
31460522,812,0
37758043,813,0
46210729,814,2
69039257,814,2
83302144,811,1
83557821,814,2
145151838,811,3
2067413924,811,2
2489382,815,1
2054137217,815,1
2493644,816,2
4347924,816,2
46314718,816,2
2494832,817,0
2741506,818,6
11025421,818,3
28758748,818,3
31805906,819,3
36744299,820,0
37433997,819,3
40572238,818,3
82572787,819,3
102536922,821,0
118488656,819,5
144394647,819,1
1405530410,819,6
2051654659,48,2
2057296901,819,3
2496866,822,1
9047610,822,1
3330847,823,0
5417469,824,1
5625933,824,1
50378084,825,0
143763354,9,1
37504502,128,1
3144230,826,0
5383760,827,4
5787248,827,4
34451098,827,4
35449939,827,4
49948008,827,4
101948911,827,4
145148025,828,0
145770833,827,4
1430757189,827,4
1992969552,26,1
2029598250,26,1
2055559429,827,8
2505610,829,4
2696361,829,6
2977767,829,3
3051490,829,4
6516277,829,2
48009873,830,0
2510840,9,3
31990981,9,3
47892132,9,5
2065694473,9,5
2512264,831,4
51997673,831,4
70716913,831,4
1379948038,831,4
2100925684,831,4
5850927,312,9
46335543,312,4
48939940,312,4
50139167,312,4
9677853,9,1
32590482,9,6
39277002,9,5
46208607,9,5
49344081,832,0
2031466925,9,5
2065505152,833,0
2099952969,9,5
3416667,87,4
71906801,87,4
120943706,87,4
1411078666,87,4
2522002,834,2
1739571336,834,1
2037333364,834,1
2525111,9,4
2800147,9,4
2525622,835,1
1397426946,835,1
2528043,836,0
2532231,837,1
153001151,837,1
2789967,838,1
3168505,839,0
47318690,840,0
104653845,838,1
2544855,841,4
35413335,841,4
40492035,841,4
144434502,841,4
2091113951,841,4
2546017,842,0
31750406,843,0
103116775,844,0
20774932,845,1
47067997,846,0
114145098,847,3
2056471241,847,2
2056614926,847,2
2076759564,845,1
2076759572,847,1
3160667,848,1
3414700,848,1
47567062,4,2
32287739,849,3
143866085,849,3
2055994778,849,3
2079270311,849,3
2570223,850,2
120355848,850,2
144155885,850,2
2570515,169,3
34948614,169,3
144667749,169,4
1397430723,169,3
3406429,851,2
31587810,852,1
32424635,853,0
32553815,852,1
113764336,854,0
145339590,855,0
145866516,851,2
2100230787,851,2
2615533,856,0
3133271,857,1
3139999,858,2
5374047,859,0
31557751,858,2
46205857,26,2
118719236,26,2
144539300,858,2
1580626912,857,1
2574478,860,1
153243656,860,1
3371485,861,7
5978902,861,7
8040935,861,7
49054981,861,7
90377382,861,7
145229972,861,7
2087857345,861,7
2087870100,861,7
2576878,9,3
3154877,9,6
34711464,9,3
2852293,9,1
2805349,6,2
2934077,6,2
3003460,6,2
3060017,6,2
1933293997,77,2
2058181543,77,2
2080197097,77,2
2091576379,77,2
49982610,862,0
2596268,863,6
4998928,863,6
40366044,863,6
40793887,863,6
84310576,863,6
2066139556,863,6
2086059192,863,6
2598028,864,2
2626178,864,2
123942364,864,2
2599077,865,2
49065222,865,2
144929327,865,2
2603663,151,2
2641095,151,2
2615635,866,4
2859986,866,4
50360470,866,4
145035129,866,4
1412391493,866,5
48188939,4,4
48393765,4,4
134230010,4,4
2069434278,867,2
2758413,868,3
6004543,868,3
38113700,868,3
66615738,868,3
2648985,869,4
35624349,869,4
46816321,869,4
2057725323,869,4
2076322263,869,4
2957805,870,0
9482745,871,1
35187376,872,1
46389833,871,1
144023651,872,1
146219624,873,0
2058523398,874,0
2795284,156,1
108299070,875,1
1389967827,875,1
2658091,876,0
2662374,877,0
2663898,878,2
50821979,878,9
145687390,878,2
2668116,879,1
2078957701,879,1
2668148,880,1
2988213,880,1
34803014,881,1
145948198,881,1
26347055,6,2
2056781600,6,2
2678579,56,4
3473368,56,9
33220215,56,8
38036859,56,8
46819132,56,7
47690104,56,10
48640249,56,6
51286053,56,8
144852706,56,2
1399403862,56,9
1404876257,56,6
1484797547,56,5
2056954162,56,3
2057270689,56,5
2082743680,56,2
2681160,19,7
8975698,19,7
31582786,19,7
31635411,19,7
31928125,19,10
40310577,19,8
46336409,19,7
50619107,19,7
1389575160,121,2
2683457,882,1
48996728,882,1
2684630,883,5
22180363,883,5
84602309,883,5
87706679,883,5
147303341,883,5
2083390085,883,5
2684980,884,1
4881881,884,1
47686634,885,1
1742810340,885,1
2022676032,720,2
5294614,829,3
47297376,829,3
145910642,829,3
3118802,32,2
145033454,19,2
1632706683,19,1
1801245727,32,2
2698741,886,2
2850437,886,3
8194860,886,2
2787070,887,3
3006251,226,3
3033084,887,7
3257734,888,2
8058859,889,1
9299930,890,1
31317552,887,2
33199691,887,2
35783660,226,4
46349714,891,2
47268069,889,1
47995218,888,3
48482648,892,0
50163497,226,1
50195285,887,2
51290028,226,10
51294554,893,1
51970664,226,1
66908162,893,1
80699720,226,3
83965367,888,3
98469394,226,4
98600494,37,1
102117040,887,2
121888334,226,4
143704412,888,3
143901607,226,3
145894050,891,2
145897790,894,2
146670934,894,2
147624070,894,2
152675533,891,2
1388888815,887,3
1398034669,888,1
1403602766,887,3
2014913163,226,4
2028085638,226,1
2055871671,890,1
2700036,895,0
6110055,30,4
39791597,30,4
41051396,30,4
47858539,30,4
1411154983,30,4
2043034498,30,4
2052328879,30,4
2704895,896,4
2914075,896,4
6086997,896,4
9991284,896,4
1557264097,896,4
2707566,897,0
151372361,898,0
33295892,132,5
83427662,132,5
144898884,132,5
1379969603,132,8
9405813,899,0
2711471,274,3
2827532,274,3
32255207,274,3
48244312,274,6
2106057867,26,1
143906222,900,0
2050446873,901,0
2725455,159,3
69387017,159,3
1403079602,159,4
2726276,902,0
2731242,903,2
2850710,903,3
49942224,903,3
2731733,866,1
2733660,904,1
145977875,904,1
2737788,905,0
2007375202,906,1
2008205041,906,1
48792765,818,3
114331628,818,3
1581843326,818,3
2747713,907,2
2765244,907,2
5195911,907,2
40697880,19,2
47771147,19,2
9898994,67,5
38705113,169,5
119129823,169,1
145037216,67,5
145602211,169,4
1403849753,67,5
1676063595,67,5
2074013443,67,5
2085950021,169,5
2859627,56,5
37450171,56,5
1491238594,56,5
2753802,908,2
23604380,908,2
40053408,908,3
2755458,909,2
35403533,909,2
1404641912,909,2
2756877,910,3
2783626,910,3
50112537,910,3
2110604214,910,3
29988524,169,1
104747087,666,4
152777566,911,0
34919177,274,4
40063434,274,4
47634133,274,4
49490941,274,5
51033166,274,5
67157357,274,2
143813655,274,5
2027114129,274,4
9559497,912,2
26936070,912,2
144218218,912,2
152955538,48,1
1741025796,19,3
2052360522,19,3
2064183271,19,3
3222806,913,4
87301224,913,4
120446735,914,2
143724861,913,4
1580291470,913,4
1804289842,913,4
2051502400,914,2
2108343919,914,2
2777343,915,7
3713177,915,7
7678753,915,7
48554270,915,7
66271183,915,7
101736513,915,7
153758210,915,7
2110959940,915,7
2782389,916,0
2784004,57,2
145886555,57,2
152772779,917,0
2785195,918,2
2920155,918,2
32128258,918,2
153802923,62,4
2037850454,62,4
2037852463,62,4
2075375889,62,4
1405025641,19,2
123488942,919,1
152823992,715,1
2813167,920,3
34808484,920,3
48292767,920,3
145280621,920,3
30149143,614,1
49711231,921,0
1381404017,922,0
34507300,9,2
39456927,9,5
40169750,18,1
40568614,9,2
49950424,923,2
122737861,9,2
1404339764,924,1
1406318838,924,1
2059598628,9,1
2059752491,923,2
2094357925,923,2
2826139,925,0
2827180,419,1
3282030,419,3
49127399,589,1
8977167,43,5
51053704,926,3
117843938,926,3
143653853,927,1
144624727,926,3
1940380972,169,1
2052779455,926,3
2841201,928,3
2875711,928,3
87438871,928,3
117894329,928,3
48378168,4,1
23521239,886,1
2052440830,903,2
2911934,929,1
4352760,930,1
40975594,930,2
49596134,931,1
108666290,930,2
143712374,929,1
143784461,932,1
1455192856,931,1
1477288773,932,1
2110175296,930,1
2857087,933,1
3295112,933,1
1402765126,30,4
2861907,934,2
46254737,934,2
73093771,934,2
82787839,18,3
1405239422,18,1
2871138,935,1
26435264,935,1
47826456,936,0
50507767,37,3
117595045,37,2
1962385877,37,2
2873666,420,3
31347284,420,3
2056847995,420,3
2876057,937,2
118930021,937,2
143620023,937,2
2994505,938,3
5875720,13,2
31904485,939,0
38009222,13,3
40808865,13,1
46432110,940,0
122495956,941,0
144440321,13,2
145895890,13,2
2891731,942,3
35514365,942,3
120775394,942,3
2097575310,942,3
49087215,943,0
50631974,944,0
3237553,945,1
3952789,809,2
5291792,946,1
7382992,945,1
145840446,809,2
2066064353,946,1
2897224,947,6
7976125,947,3
35156137,947,6
35444249,947,4
46224725,947,4
68975363,947,4
1659311012,947,3
3209052,43,4
38760888,43,6
117584544,43,4
1401255262,948,0
2059760933,43,4
2075359401,43,3
81523592,67,1
2909575,949,1
48237203,949,1
2065515211,950,0
9220271,951,1
10783895,952,1
49012164,952,1
50363312,951,1
2924218,953,1
48562664,953,1
2924250,954,2
32181666,954,2
40180365,954,2
112994432,132,5
117403390,132,6
1491141802,132,5
2006877664,132,4
2928810,955,4
7779084,955,4
98592324,955,4
1515079184,955,4
2067718261,955,4
33444974,956,1
143888439,956,2
2942725,957,0
47592152,958,2
49342120,958,2
2072392667,958,2
2949347,959,1
1397412371,959,1
3396242,960,1
14977003,961,0
31962413,960,1
35339337,962,2
46654169,962,4
71766879,962,2
114758744,963,3
145942749,963,3
145984510,964,1
1401357754,963,3
1405801464,964,1
2089433166,963,3
2953666,965,0
2954140,966,2
74663099,966,2
2030917329,966,2
2954745,967,5
31803702,967,5
41052117,967,5
83600887,967,5
118477023,967,5
143647806,967,5
2957648,968,3
84406664,968,4
97942741,968,3
2073998865,968,3
2959049,969,1
39192249,969,1
3342762,970,1
34355687,132,2
1491141232,971,1
1491141453,971,1
2007202605,132,3
2087522228,970,1
33436401,972,2
40987303,972,2
40988542,972,2
2963379,973,0
12701550,40,3
100764330,40,3
1403823187,40,4
2976051,974,0
2976366,975,2
48623147,975,2
50582822,975,2
144231976,147,1
6359604,976,2
143784087,976,2
144770923,976,2
14214415,977,5
16125373,977,6
46379173,977,2
46434614,977,5
49297252,977,3
50544494,977,8
51882333,977,6
108063706,977,5
119136015,977,1
1481228105,977,3
4505092,938,17
71297991,938,3
1680080542,938,11
2995603,978,1
2067172316,978,1
3004987,979,1
32746032,979,1
3008832,419,1
3012562,980,1
1416681695,980,1
3014320,56,2
39326485,56,2
3014341,57,1
40505073,57,6
3014984,981,2
46435365,981,2
50860274,981,2
3017842,982,4
40182194,982,4
46726863,982,4
144693886,982,4
1398859796,982,4
3019719,983,3
8604993,983,3
48414147,983,3
2054582878,983,3
4106384,18,8
4889956,18,8
33974871,57,2
40508064,18,10
78545962,18,8
119632479,18,8
144982204,18,8
1583840076,18,8
2004364619,18,8
3039590,984,0
12719373,9,6
12782016,985,0
65942851,9,6
66957354,9,6
143833600,9,10
1666528199,9,6
2065220244,9,6
3338718,986,0
3053201,132,2
40406680,132,2
3054578,987,2
49937572,987,2
145679294,987,2
3295605,988,1
40482112,988,1
46227490,989,2
68972351,989,2
119030172,990,1
153315796,991,2
2053150263,990,1
2057438660,991,2
2062833116,989,2
2069284468,991,2
3058868,962,4
113229740,962,4
145349858,962,4
145975946,962,6
1421708643,962,4
3064983,992,7
15952634,992,7
35087379,992,7
40109654,992,7
48330345,992,7
145844506,992,7
1422357539,992,7
2035724912,992,7
3068182,274,2
94712250,274,2
35142093,57,1
51918804,9,5
3075189,993,2
25649634,993,2
1401107688,993,2
3088901,994,3
3153281,994,3
3235501,994,3
52004282,994,3
9539241,18,3
3091595,995,0
3096600,996,0
35003181,26,3
72808595,26,3
1739729378,26,3
144020466,997,2
144922861,997,2
145768639,997,2
3112854,998,1
27750021,998,1
3357163,999,0
1478928280,30,3
1742382415,30,3
3122644,1000,1
3218142,1000,1
51932572,1001,4
1402508999,1001,4
2065757919,1001,4
2084637960,1001,4
2111239073,1001,4
3130349,9,2
31349647,9,2
3130592,1002,1
72903675,1002,3
3135435,9,6
3162562,9,6
145003123,9,8
2095779411,9,6
8790547,695,2
91694142,695,4
144423532,695,2
6670394,1003,1
117365851,1004,0
1456264408,419,2
2045298738,1003,1
2110230990,1005,0
25374726,1006,0
3153062,1007,0
40322691,11,1
21145755,9,3
1459128383,9,3
69390143,1008,1
71099753,1008,1
113899862,1009,0
36451019,1010,1
50378947,1010,1
1506226536,1011,0
48618911,132,3
72580502,132,6
114936021,132,3
31653936,1012,0
47030583,9,2
47489773,1013,2
107836812,1014,1
117197190,9,2
143890476,26,2
1419453093,18,2
1593346613,307,2
1740147823,1014,1
87015017,1015,2
108317587,1016,1
118661877,1015,2
1663747589,1015,2
2066685414,1016,1
95248754,1017,1
117562083,1017,6
3197918,1018,2
36606130,1018,2
1753638692,1018,2
3201151,1019,0
3251464,32,1
3204569,1020,2
3291438,1020,2
39884477,1020,2
145198825,9,1
3223116,1021,4
35685797,1021,4
37531591,1021,4
47991598,1021,4
1402794003,1021,4
3232474,1022,0
84035068,1023,0
118507082,1024,0
2072092652,149,1
3233888,30,2
3501303,878,4
9097116,1025,1
66792522,1025,1
122303277,878,1
3235987,132,3
134768130,132,2
2007114311,132,1
5022210,1026,0
89446452,1027,0
108283771,1028,0
8499611,1029,1
34844121,1030,0
49794722,1031,0
153162219,1032,1
2072982308,1029,1
2111224744,1032,1
3239149,1033,0
3240456,1034,0
3245681,1035,2
3407218,1035,1
67126232,1035,1
3249675,26,1
3250139,1036,7
14915370,1036,7
47674275,1036,7
70651596,1036,8
1403150679,1036,7
2056744076,1036,7
2083104814,1036,7
2096387894,1036,7
39524204,1037,0
73699507,752,1
2077404183,1038,0
2089315237,1039,0
3448518,1040,1
3832738,1041,3
4192277,1042,1
4677813,1043,0
5999109,1044,1
6675239,1045,0
16146410,1046,1
36933449,307,2
39775147,878,2
40189822,753,1
40469969,878,3
40580462,1047,0
40950267,1048,0
47065376,1049,1
48478992,1041,3
49328477,878,1
66224887,878,1
67187649,1041,3
73803230,1050,0
94825156,1042,1
114407044,1049,1
117298508,1041,3
119144259,878,3
144301306,878,2
145441940,1040,1
2108360314,1044,1
2111010500,307,2
47494248,40,4
48405492,40,3
50117401,40,3
2005170590,1051,0
2100679302,1052,0
2064335974,33,1
8121434,1053,0
30786814,1054,1
144311505,1055,1
2052905446,1055,1
2105589112,1054,1
3356096,1056,4
40484448,1056,4
51057197,1056,4
101968143,1057,1
153780761,1056,4
2006734719,1057,1
2108706918,1056,4
40395376,1058,0
2061106122,1013,2
2067764277,1059,0
2071624183,1013,1
29911010,1060,0
36066594,274,1
2106038613,1061,0
3312398,1062,0
3315304,169,2
38123680,1063,2
39713857,1063,2
49511762,1063,2
30135984,1064,1
34616778,767,3
144626725,767,3
144982806,1065,0
145190501,767,3
2089363701,1064,1
3330450,1066,0
1492113713,294,1
3340346,1067,1
3365500,1067,1
34997918,285,1
3344836,1068,0
3356192,0,1
3362324,1069,4
33392067,1069,7
50818213,1069,3
51130504,1069,4
2000633372,1069,3
6960209,9,1
152869653,9,1
3363483,1070,0
3364499,1071,1
50502383,1071,1
3365476,938,8
5011242,938,8
20999680,938,8
31789545,938,8
1637511389,938,8
1680143190,938,8
1729517888,938,8
3365822,1072,0
1387967897,908,1
3369903,1073,1
143743126,1073,1
34996452,13,1
50877971,1074,0
144436943,1075,0
2074302785,1076,0
3375178,1077,4
6502430,1077,4
31888526,1077,4
121962020,1077,6
2065438940,1077,4
3378874,1078,2
1394488757,1078,2
1399045638,1078,2
34501167,1079,0
40996118,1080,0
82212353,1081,0
1581093790,1082,2
1584717647,1082,2
1584771790,1082,2
66574486,1083,0
3385374,1084,2
46528809,1084,2
2111083534,1084,2
3388402,1085,0
3390287,1086,5
7185918,1086,5
9389737,1086,5
38184885,1086,5
49160157,1086,5
2110998583,1086,5
7332594,1087,2
25635057,1088,0
32289074,1087,2
39226200,1087,2
40636341,2,2
150057683,2,3
2051682579,2,3
3395211,1089,2
47183404,1089,1
101573953,1089,1
3399505,1090,1
1751113204,1090,1
3402356,938,10
8110884,938,5
30354174,938,7
79509849,938,3
83582054,938,7
98260771,938,7
101569117,938,7
143718755,938,7
1796344681,938,7
2086106125,938,7
2058760071,1091,1
2064393066,1091,1
3403547,1092,2
37293923,1092,2
49150730,1092,2
30693941,1093,2
81332495,1093,2
2087590189,1093,2
66426144,1094,2
108155639,1094,2
122808663,1094,2
30819194,1095,6
35604384,1095,6
37400839,1095,6
38312506,1095,6
46348432,1095,6
122094907,1095,6
2046556487,1095,6
23574157,1096,1
134462441,1097,0
143855393,1096,1
1403253009,1098,0
4292595,1099,2
40177962,1099,2
40367458,1100,0
40649080,1099,2
121818842,1101,0
1405270990,1099,4
1661042095,1099,2
2110413363,1102,0
10003642,1103,0
50457366,1104,1
87484710,1105,2
113784178,1105,2
152981628,1104,1
2074065498,1105,2
2111129318,1106,0
3453317,132,1
52157952,132,3
3916046,1107,2
122834791,1107,1
2093965656,1107,1
2051739886,56,2
2103509162,56,2
3483178,132,1
101694937,132,2
3575010,1108,0
3610247,1109,2
48657727,1109,2
1979977035,1109,2
3626189,172,4
4942484,172,4
108177958,172,4
1469406412,172,4
9281131,481,2
118765505,481,2
2059465568,1036,1
3690334,1110,2
31811165,1110,2
143861489,1110,2
3717358,1077,2
47333988,1077,2
143760173,1111,0
3774516,1112,0
3792584,1113,2
10040093,1113,1
47976982,1113,1
3794817,938,1
4699796,1114,2
23997461,1115,4
26597845,1115,4
40661267,1115,4
47982732,1116,0
48023549,1114,2
51161003,1117,2
93012467,1118,0
143935979,1114,2
2041985662,1115,4
2059881476,1119,0
2079911485,1120,0
2089331551,1115,4
3839505,1121,0
5975697,169,2
9173648,938,1
32792571,1122,1
50386317,169,2
2070682803,1122,1
3915468,540,3
51917517,540,3
4026563,1123,0
4044447,30,3
8123059,30,3
4070727,1124,2
89469573,1124,2
2050228095,1124,2
24916815,1125,4
40613975,1125,4
89874603,1125,4
123174892,1125,4
145838118,1126,1
2007671455,1126,1
2060372853,1125,4
4154260,1127,4
7292685,1127,3
37769828,1127,3
145562863,1127,1
1387496799,1127,3
4189393,1128,1
49416108,1128,1
145112081,1129,0
4207906,1130,2
4578895,1130,2
145337681,1130,2
38562416,6,3
1388367454,6,3
51218054,1131,0
1458580614,1132,0
102421494,38,3
5029532,1133,0
34799676,1134,1
152943123,1134,1
12365385,1135,11
31674115,1135,11
35273120,1135,11
2053468643,1136,1
2082985364,1136,1
4500702,312,5
5934881,312,5
40625209,312,5
2055951369,312,5
2093735487,312,5
49231483,938,1
50482354,938,4
4556405,274,1
6206594,1137,1
11804993,111,1
49880524,1137,1
117128428,1138,1
2111258316,1138,1
150237963,695,2
4707590,1139,0
4982549,1140,1
114187683,1140,1
4996916,1141,6
6140482,1141,6
6352332,1141,6
39714312,1141,6
52039805,1141,10
52448859,1141,6
2053613391,1141,6
5003199,1117,2
114987972,1117,2
5081255,1142,0
9358553,1143,1
47945016,1144,0
48064534,1145,0
1410278996,1143,1
5147805,1146,0
5153688,1147,3
36538899,1147,3
152930439,1147,3
2066082811,1147,3
5154557,1148,3
2053610328,1148,3
2108016661,1148,3
2109378595,1148,3
28265148,235,1
20208875,481,3
115055050,481,2
1381593992,481,4
6197374,1149,3
40118886,1149,3
49491597,1149,3
1403614812,1149,3
5288633,1150,2
10852593,1150,2
82083765,1150,4
5384209,1141,2
5689441,1141,2
6537606,1141,2
46535744,1141,2
9891399,1151,1
39861124,1151,1
2061087399,1152,0
5467430,1153,1
39778117,1153,1
119370894,1154,1
1471356293,1154,2
153163403,1155,2
5624130,1156,2
38496216,1156,2
145776472,1156,4
119143050,1157,0
5658255,1158,3
32723084,1158,3
117490192,1158,3
143755437,1158,3
46521371,1159,3
46865298,1160,2
47558610,1160,2
118865716,1159,3
1680793537,1159,3
2099093280,1159,3
2108465827,1161,1
2108810646,1161,1
2109075181,1160,2
5774024,1162,4
89346871,1162,4
113877955,1162,4
117435622,1162,4
2110961719,1162,4
5847245,30,2
52030827,30,3
5857860,1163,4
6445009,1163,4
31783403,1163,4
46305776,1163,4
2062942843,1163,4
5878183,1164,2
49705724,1164,2
81191416,1164,2
5923490,1165,1
47081833,1165,1
100592550,208,1
37237998,1166,3
51241310,1167,0
144787428,1166,2
145524214,1166,2
2047818403,1166,3
144927959,1168,0
6115442,1169,3
8444370,1169,3
47887997,1169,3
2110956525,1169,3
6191376,1069,1
34568927,9,2
6609154,1170,2
50590499,1170,1
2078507504,1170,1
73197726,1171,0
6808091,1172,3
152277141,1172,3
2056814195,1172,3
2069355683,1172,3
6953539,1173,1
47726132,1173,1
31091886,56,5
34551639,56,5
51291213,56,7
51310396,56,5
51313884,56,5
120076217,48,2
153017440,48,1
2070427337,48,2
91897706,1174,3
107605199,1175,1
143609903,1174,3
145193818,1174,3
1403723810,1175,1
2103019624,1174,3
47681983,1176,0
35215025,1177,1
48321480,1178,1
49272640,1178,1
50817520,1177,1
39540355,1179,0
40343835,1180,0
8023822,43,1
117515322,1181,1
2024364640,1181,1
74255197,938,2
8266964,1182,7
24253475,1182,7
31273996,1182,7
48701249,1182,7
51428982,1182,7
98547685,1182,7
101362164,1182,7
2004633828,1182,7
8466258,1183,1
34488527,1183,1
8636390,30,1
8683986,1184,1
145851589,1184,1
8701810,1185,2
10769465,1185,2
35534678,1185,2
8750405,1186,2
49391193,1186,2
1398554322,1186,2
39459093,43,3
48584332,43,3
2074363594,43,3
9007507,132,1
34750304,1187,0
35856578,1188,0
48254852,1189,0
49381817,1190,1
91137527,1191,0
114191045,1192,0
2056747671,1190,1
9040191,1193,0
9258252,1194,1
115528346,1194,1
9267108,1195,6
27077407,1195,6
121013142,1195,6
144214525,1195,6
147525149,1195,6
2058006912,1195,6
2107681838,1195,6
9511087,1196,2
46519482,1196,2
47582865,1196,2
9662905,481,2
47391826,481,2
2064136117,32,1
100751718,1197,0
10694462,1198,2
40387161,1198,2
2064963886,1198,2
34828555,1199,0
38657446,1200,0
40177902,132,2
49965825,132,1
146724138,1201,0
10755211,9,2
1741120471,1202,0
84011156,1203,0
11062016,1204,0
11143475,956,1
27718539,1205,2
29934863,1135,8
31614158,1135,8
35593089,1135,9
35719607,1135,10
40616060,1135,5
40801890,1135,6
49540537,1135,6
118865453,1135,5
144824067,1205,1
147922694,1135,8
2021577778,968,1
2071029805,1205,1
2072251184,169,1
11413009,64,2
16112174,64,6
2091020782,64,2
114329930,56,2
116344560,56,2
143777878,1206,0
11741399,64,2
12076629,1207,0
12091018,1208,0
12670526,1209,2
104668956,1209,2
2043443574,1209,2
123706482,1210,0
2096560377,11,1
16078366,1211,1
144217517,1211,1
79542713,1212,0
1734772141,469,1
46707477,1213,3
145127792,1213,3
145331538,1213,3
2111049711,1213,3
2056850278,89,1
34726093,1214,0
2057624208,40,2
46172696,1215,0
50874591,1216,0
144758359,1217,0
114986451,1218,0
2061288131,670,3
2072058500,670,3
118939857,1219,3
29988342,64,1
16005683,1220,1
118509461,1220,2
16076945,1221,0
121036203,64,1
1733478447,64,2
39673994,1046,1
122234289,1222,0
20751810,1223,1
1409913903,1223,1
20783216,666,3
32879579,666,3
118410519,666,3
20985588,1224,0
71530625,159,2
2062633417,1069,2
2109263412,1069,2
23107750,1225,0
23985569,1226,3
24032369,1226,3
1414323097,1226,3
1596825599,1226,3
66384629,497,3
2000449325,1227,0
2000697024,1228,0
26344058,1229,1
2071046282,1229,1
26970239,1230,0
27021815,4,1
47708032,1231,1
49617557,1231,1
27315093,1232,2
113906318,1232,2
123564231,1232,2
35630546,1233,0
49319953,927,1
28337918,57,3
71833311,57,2
29952206,1234,1
1411276313,1234,1
29982759,1235,2
145163931,1235,2
2103890126,1235,2
144951190,1236,0
143922076,9,3
144235071,9,3
145919340,9,3
119042277,1237,1
144231122,1237,1
2108287523,208,2
31604561,1238,0
105012193,1239,0
2074388358,1240,0
31631952,1241,3
48711258,1241,3
145515264,1241,3
1836390889,1241,3
38859178,1242,0
114435638,1243,1
117371272,1243,1
49519499,1244,2
73158704,1244,2
144310835,1244,2
1423009739,30,2
2064638973,30,2
31987667,1245,1
48021179,1245,1
32055356,962,2
1412662592,1246,0
32216871,169,1
49943938,1247,0
32325152,1248,2
33593209,1248,2
34602963,1248,2
41124215,313,5
48228692,313,5
116371588,313,5
1644899448,313,5
2091077618,313,5
32900765,1249,2
40497041,1249,2
40604270,1249,2
51878928,9,2
51906285,9,2
33044411,1250,1
38829203,1250,1
33404774,1251,0
34199564,13,1
34284752,1252,3
73427841,1252,1
119008069,1252,2
122651019,1252,2
47782014,1253,0
144742543,1254,2
2055833204,1254,2
2067988809,1254,2
2109413690,1255,0
34406114,1256,1
46661703,1256,1
34435183,1257,1
37812589,1257,1
51910758,1258,0
34599014,1259,1
49671212,1259,1
107975119,1260,0
119496623,1261,1
144034176,1261,1
144605519,1156,1
145058252,1156,1
34722378,1262,1
1413395642,1262,1
34735384,1150,1
145619134,1150,2
34921162,1263,0
145893609,56,3
2093291948,56,3
35201627,1264,0
35302569,1265,0
46307619,57,2
50397373,57,2
144392506,1266,1
145063190,1266,1
35821209,1002,2
46696786,1002,2
47551596,1267,5
50048820,1267,5
97980584,1268,1
114762523,26,1
115500796,1267,5
143910839,1267,5
1403732384,1269,1
1403733211,1268,1
1403874839,1267,5
1412416387,1269,1
2083451293,1267,5
39982990,9,1
37400259,1270,4
47964837,1270,4
114148039,1270,4
115670940,1270,4
143702437,1270,4
48602264,1271,3
95644065,1271,3
144044574,1271,3
2064114601,1271,3
38148608,1272,2
2055665491,1272,2
2082618790,1272,2
49394985,0,4
2059861583,0,4
2109660026,0,4
51040156,1273,0
38386346,1274,0
38509196,1275,0
38616044,1276,0
50629423,1277,2
73124063,1277,2
145949274,1277,2
50877034,1278,1
1696033469,1278,1
39118796,1279,0
39120083,1280,1
46290194,1280,1
39423595,1281,2
118654865,1281,2
2007654226,1281,2
2066708428,40,2
39535772,1282,1
143661061,1282,1
39542868,1283,1
1582163896,1283,1
39544679,13,4
72404967,13,6
2088383482,13,4
39690693,1284,2
145833523,1284,2
2052807194,1284,2
2053759155,19,1
40027011,1285,2
52101249,1285,2
144851350,1285,2
71885324,766,4
2108719385,766,4
2109461904,766,4
40767865,1286,0
40300456,1287,0
145540379,19,3
40360713,1288,2
144747171,1288,3
145955156,1288,3
145362834,1289,0
40467627,1290,2
1401986818,1290,2
2089760037,1290,2
1577528436,1291,1
1578038594,1291,1
1578076304,1292,1
2099917123,1292,1
113711344,57,3
1571364598,57,3
40538650,1293,0
118126659,1294,0
2095204875,481,1
40688328,1295,0
40939785,1296,0
84242475,1297,0
93661453,1298,0
117459788,1299,0
118874043,1300,0
41018361,1301,1
2056050346,1301,1
41094627,132,3
145562616,132,3
2092481098,132,3
122102297,1302,0
2068469871,1303,2
2068469915,1304,2
2074398264,1303,2
2074400784,1304,2
2097863822,1304,2
2097863827,1303,2
41172164,1305,0
46181191,1306,0
1387886014,468,4
1405490944,468,3
1414146794,468,4
1469265097,468,3
46416567,1307,1
113952413,1307,1
46430284,1308,3
66922735,1308,3
1412459724,1308,3
2076982586,1308,3
46443332,1309,0
2086172013,1310,0
50432468,1311,0
1661048796,919,1
1900330591,132,1
2059382056,56,1
70437995,1312,1
144453935,1313,1
1741785359,1312,1
2073473948,1313,1
47205422,169,3
151377924,169,3
151463421,169,6
2075498768,867,1
47364752,1314,1
1738689109,1314,1
72202910,1315,7
79827346,1315,7
83266814,1316,3
100823023,1317,2
100849181,1317,2
120180369,1315,7
1518111986,1315,7
2064666202,1315,7
2079943312,1315,7
2086314357,1316,3
2089434149,1316,3
2089943424,1316,3
2090039649,1315,7
2090060943,1315,7
2092455069,1317,2
47375751,1318,0
79956437,1319,0
69018406,1320,0
74339869,1321,2
1720904486,1321,2
2076071155,1321,2
70326942,1322,0
48058041,1323,0
49202520,1324,3
104800155,1324,3
144868674,1324,3
2090164864,1324,3
147089891,1325,0
48478726,1017,5
80034003,1017,5
84162513,1017,5
108077013,1017,5
2097159464,1017,5
48693437,41,1
1450414327,1326,0
48842673,1150,1
48935655,1327,0
49057848,1155,1
49101030,19,2
49121508,1328,3
2056075940,1328,3
2068016661,1328,3
2106696134,1328,3
49134137,1329,1
89699746,1329,1
1396829322,1330,1
2091200758,1330,1
123478703,1331,0
2045332495,294,1
49587717,1332,0
144578593,1333,1
49646750,1334,1
119012959,1334,1
49884412,1219,3
144449959,1219,3
1409895580,1219,3
145295848,1335,1
2108340269,1335,1
50157101,1336,4
94730496,1336,4
108598287,1336,4
2057390825,1336,4
2084868686,1336,4
50176368,1337,0
98182859,1338,0
50311673,13,2
50391473,1339,0
50488614,1340,1
145096996,1340,1
50570866,1341,1
2074509195,1341,1
80141245,1342,0
145194095,497,2
150244732,1343,0
145919650,1013,1
51040244,1344,0
119151277,169,4
1389955131,1345,0
1395385575,169,4
2020262166,169,4
51135257,1346,0
51146634,1347,0
2053417944,1348,1
2111036696,1348,1
1396349028,30,4
1720774182,30,4
51193319,1349,0
51221603,1350,0
79384348,1351,1
108650069,1352,0
1862506894,1353,0
2072912317,1351,1
2089951845,1354,0
79686168,867,1
2102070102,1355,0
52030911,1356,0
1678014563,1357,0
66096740,1358,0
66888522,1359,3
101337695,1359,3
135149582,1359,3
2076974301,1359,3
67259301,1360,2
71466288,1360,1
121290873,1360,1
69496746,1361,0
2003581237,1362,2
2080687404,1362,2
2081277807,1363,0
2089228100,1362,2
83401236,1364,0
144834934,13,3
1404588859,13,4
144825652,1365,0
116218366,1366,1
143947522,1366,1
2081067556,1367,1
2089544426,1367,1
78054224,1368,0
79027713,1369,0
2066071042,1370,0
79353781,1371,0
79487464,1372,1
2107619961,1372,1
152871534,1373,0
80471629,1374,0
2067943031,666,1
123748840,1375,0
1805993163,1376,0
146689312,1377,0
88991203,56,2
143912271,56,2
100702964,1378,1
2005487571,1378,1
2049031020,1379,0
145835908,1380,0
1409497296,1381,0
143891260,1382,1
1753605404,1382,1
144624791,1383,1
2072756588,1383,1
102920559,1384,0
145688599,9,1
2111788184,1385,0
1402573847,56,1
108075319,37,1
2047731524,670,1
2076504869,132,1
114034538,1333,1
144046423,1386,0
122609617,1387,0
117147233,1388,0
1994173730,1220,1
1450310116,13,2
2038372508,13,1
2108360475,13,1
120385689,1389,3
1403752188,1389,3
2065268175,1389,4
2091402487,1389,3
120678521,1390,1
2103602576,1390,1
121213774,1155,1
122015138,1391,0
122200112,1392,1
2108584869,1392,1
2107932153,1393,0
2110044134,1394,0
123900740,13,2
151214498,1395,0
144538640,1396,0
143791938,1397,0
143836588,1398,0
1405080790,1399,0
1381212697,1400,0
1741110473,1401,0
2065938130,1402,0
144395481,1154,1
144396718,1403,0
144438218,1288,2
2109195071,1404,0
2069504401,1405,0
145419642,34,3
145941081,34,3
1580516816,34,3
1453874533,1406,1
2105984203,1406,1
145014848,1407,0
145605233,1408,0
145672805,1409,1
1410489844,1409,1
2055559997,1410,0
1381744305,1411,0
1410395833,1389,1
2085548328,1412,0
2111605522,1413,0
2051971086,1414,0
1805975699,1415,0
2075186096,1416,0
2060785621,1417,0
2083394696,1418,0
2092113731,217,0
2096983025,610,0
2110357690,84,0
